radius,angle,strength,density,velocity,bearing,entry latitude,entry longitude
38.82307237223457,26.492400535280115,4164448.5832448145,2307.227038434717,20883.832615597672,289.43603970199126,52.02531522869069,0.2201805533908182
42.84453946773238,29.086533860982833,4501480.527706218,2277.128212296279,18854.811465091152,287.46016106711,52.03644801939779,0.1808726312109253
39.524253873923634,35.17563226141296,3865569.7892775387,2540.3189895827304,21170.228912062255,290.22238729457973,52.03845089204944,0.17276234312908167
43.057661818520344,32.76087561589085,3758573.626282965,2915.2132312955514,18158.23992864579,289.18335058289983,51.989612666688856,0.3822571609341621
42.22624561517056,32.88131785064735,3862620.9941199347,3140.6410964910247,17079.167685447715,288.982474414044,52.014669738757235,0.2858705906509811
39.560213313557384,37.118901486167246,3899595.761194092,3099.2502688706077,15300.318965241773,290.1456325725251,51.98266554524963,0.4150210924290466
38.34661935829433,26.479767675219453,3058266.315061489,3281.361616268322,16950.188270381655,289.1339200691502,52.058354031105175,0.09023611534366067
41.75435653691484,26.441680648874588,3815239.357877245,2705.417159579219,16933.992008588346,289.3267529133557,52.036273252946295,0.18076743949459478
39.04136447251566,27.622270879487523,3263173.5908799157,2492.403765766804,15307.905365030374,288.78444424560377,52.06501717067776,0.06139123575577138
35.25649521804643,32.290042509115814,2733198.5455433438,2701.9195939251267,16368.220789354706,288.55838895614204,52.010451924793394,0.30067100160906335
41.70447061703709,28.92104158530111,3925821.2279701736,3217.261114964859,19745.260536211637,290.14418740701626,52.02509643987963,0.23427246254329703
35.59694061972557,34.83478977962236,5535381.614873368,2998.563886560174,16571.812528822946,291.1530815941182,52.031075642823346,0.201643079842092
43.26508711685152,35.80234582656648,5417890.701239307,3383.425053499302,19388.042771128865,288.3980476165693,51.995729571393426,0.3684496777312466
33.41323589291937,29.14121935445383,3740754.219072571,2397.958436110422,18689.233744311805,288.41799989135603,52.058447813911,0.08531279973199388
38.49701635036931,33.59803690532545,3299570.916397857,2998.9631210391626,17328.481235903295,289.17918939720363,52.04095209839092,0.15797434398384022
40.41738191885347,34.29800178235885,3026347.686218183,3295.6320555402763,15154.753514577607,291.7132788620546,52.03579879033169,0.18892871683319915
45.727567265737555,24.667708565931235,4061051.284046235,3026.626028468308,16476.760030934853,288.4298286902286,52.04521431070365,0.13838140082313174
45.48400336783422,32.92199303436076,4991525.453992548,2853.2724112590254,15403.93370195682,289.4269069865583,52.04334956431492,0.1576118886748421
34.758805957166324,29.094268805371808,4147075.031587164,2836.4826266445707,18259.906657083728,290.02688473456567,52.02791026281245,0.22317172052465808
37.718139285425686,35.11116223364819,3828643.715255811,2994.2099234981206,21119.31921850067,290.3966688584293,52.013747814217496,0.2889497754687442
41.692331116413285,30.403417792853638,3381192.238314747,2821.1795454280464,14477.621181244169,288.85093172182724,52.05117757896486,0.111807553526025
36.76017038622697,29.50543980235348,3559519.2404217543,2625.3795913185895,16281.573705868215,290.2570089616492,52.005253408901524,0.31319527126437885
44.12785997105189,28.2981751236853,3232364.6789030842,2519.686714595704,19689.32470090011,289.9243362308139,51.990892254124354,0.3813793257884558
37.396186479601155,32.06933556445041,3602068.231719748,2670.5325259850474,14584.43708488282,290.0577680590309,52.0180363708295,0.27052650009510126
37.00866066878591,33.30704050983654,4240348.389387257,2867.537161591518,12536.826001822834,290.0737125692364,52.001898188241775,0.32752977851442056
41.9110099486476,23.77968129410579,4225412.700852465,2615.2729144672144,15442.43499439064,291.80649845514694,52.03708014352839,0.17570164754222756
34.41375236930512,30.027923617554194,3879649.169070756,2916.5925620883995,14298.48432507715,293.47245684644327,51.9866924730955,0.40635973279242404
39.21982644263812,29.132106715626964,4212194.759091403,3151.5445599765458,16415.361829499816,289.85662693480464,52.010590990072814,0.3019846906730042
38.77801493692717,32.663632284822086,3873592.3853854304,3410.6833017849376,19819.29748516192,289.921420324138,51.999135216477455,0.3473282729404832
38.60042295273873,32.756527217600116,3263369.572862174,2505.1449321483797,16627.81148767631,292.33233372173373,51.995742598069675,0.364546415676477
39.85473244671939,36.80063266386345,4093764.5266673053,2918.674399902882,17738.030177168323,288.5318418648684,51.98919757043505,0.3914890776274982
40.482342554372636,32.32069168187695,3772555.576695214,2444.2419341785685,18204.23149047666,290.13133882952366,52.029937256464336,0.21370417442990355
42.941923138594184,31.373761798168783,4459500.186251312,3107.3116934963878,15637.957815080417,290.5178096593051,52.045326223885105,0.13621497921940343
37.66010975383936,23.849281722589524,4789126.904268322,2471.5596779241964,20862.385543038614,291.1651463975225,52.03326374720583,0.17852014909475078
38.69614073799863,24.827923331331128,3825748.9235357246,2933.8225681162444,17817.019474337114,291.0667279216999,52.024403485704326,0.23804495193936379
41.16612066000892,27.89957604209919,5712080.248770583,3534.836741986499,19668.74586119827,290.9112095684243,52.02161102538997,0.2467643452842817
39.77647221813497,31.572015385977167,3143976.425903112,3431.001382843404,13610.115830259676,288.6019648132719,52.03121685399989,0.20614945375461818
39.363370987126956,31.777002740984006,3390482.4836703227,3682.459796849185,18591.667889392527,287.8157058776263,52.04235092408871,0.1525592594272771
40.85353010726915,27.11197057296375,3413538.4232557556,2826.5265899310757,16448.966250062327,291.292382734546,52.04580813262004,0.13132362296048106
41.590122437727075,23.110212218446065,3019510.4066262124,2577.4128161967424,15685.366285368933,290.4728078791106,51.99184304445751,0.37546161192963773
37.815958299214834,28.62495710874852,3405142.2115984787,2373.5769821898707,17091.271848419874,291.02915649810075,52.03304397893066,0.19033472534550458
38.15886265164978,30.42522796709763,3669317.0486146924,2437.642345715217,16871.73601765994,290.09873771143907,52.04797241840386,0.13040362085914162
36.633329684671,29.834400943948257,4490013.5448639095,2727.77225297196,15772.110108943703,289.47187784415445,52.03238472739473,0.2017657294652492
35.78732671451119,30.54022986253627,5439339.305156925,2931.9137160540668,18337.01729550543,290.7143760421937,52.02558330991217,0.22722541612081315
45.67031579795193,35.66949049202658,3213062.8519013547,2886.076422240108,15036.42516025806,289.19160093248297,52.04606429451217,0.14450767465965947
36.573173100032776,29.307853606586747,4028728.7325331043,2570.981326775328,19052.099582897426,290.8795908723232,52.01328470663918,0.2906846847622338
42.10754848966591,29.078275145043207,3076581.2955229683,2954.4966184222817,18393.06341233512,289.2158481286242,52.03555613158639,0.1859077056179171
42.072873826682795,30.007426628912537,4732469.557133085,2619.171239033364,17294.85828946367,290.6915667843117,52.05340098950281,0.10706191710010908
41.86765197386389,33.13749695945993,3462929.23209934,2300.956434839131,14908.451942609408,288.50957889967265,51.99946845516981,0.34082974832981555
37.337958344006125,28.65706469147198,5547837.046123147,2626.2482464373834,15734.870093588486,290.3089582962991,52.01572677979971,0.27070577619127506
42.812136193961265,33.69882849143633,4441609.53854069,2846.73671980096,17926.084302286352,290.7132088972821,52.09113509468229,-0.06359108483053254
37.63583541804921,30.43842078460285,3725542.7796229464,2567.29871721548,17169.776454008857,288.95963821009695,52.02234648352426,0.23671393598831184
39.709590086246465,26.485189253770844,4260935.704475588,3290.708195557569,15746.896022481615,290.8111948563378,52.00843340353508,0.29626262695369554
36.44027067304908,25.30624483317979,3991154.5946666813,2985.202048122307,15134.947820762736,290.36914046955883,52.026739375614596,0.22590988941208948
36.10221941626085,30.22851556126437,3117709.313712709,3502.225332780188,16218.658977947836,292.1374564279175,51.99492751129615,0.3732645130619281
41.96400181628962,27.72146599912888,5202139.397306532,3152.9155685162277,19461.99498772131,290.24373810324715,52.03157482735587,0.19958741521358384
41.079649668943354,28.967211284117393,4452306.599462341,3160.9621040953057,14706.746580191653,288.79009158002685,52.02258803922249,0.25020195431138237
37.90912046366773,27.345835983158818,3590508.8999748644,2921.066971970793,15979.068831871413,289.12460212919206,52.053519462493036,0.10965381116193704
44.1866601049515,25.295668275892723,4333250.269140476,2798.606609904416,21419.01623679997,289.36885930689783,52.068582130657724,0.04020383039297162
37.92815773454869,29.456780683311163,3504163.721722705,3308.0418805031964,18841.54655194787,292.4231606111786,52.05458677883142,0.09772732286512191
40.5057188588209,31.253872153541444,3671836.217341049,2505.0805601618245,20526.887158274367,289.2731365643879,52.0538781953692,0.10946886125680158
43.438478499092525,32.28277059243689,3977687.3338152156,2666.3348903329497,18749.463200896666,291.3962196042881,52.06497003956887,0.05934017105605347
42.206814700210394,25.292968571341813,3609591.475949532,3324.956352737808,18264.229757422734,289.5040147460589,52.00396020249983,0.3307604472729838
35.842987070967276,29.83827822361495,4946473.38434965,2481.214536735428,19893.6010886933,289.72822611451625,52.047467997697005,0.13820940549326363
39.409125795947034,30.245374917622605,4953422.502909674,2900.217632420702,16445.880955283268,289.3167932801345,52.00913078909734,0.2995031177785946
37.92052238045993,29.634063800731397,3596678.2828464964,2742.809078868139,16764.362598344975,288.66670665833465,52.09382582512008,-0.07750708072187375
37.900796302029406,33.23569789255736,3626639.4572687685,3183.9631707957406,17735.348196183895,290.7015919234301,52.04210277743751,0.14348014994545907
34.91245246785142,28.51990478834767,3684720.9839108475,3208.0518102885035,18705.12347152096,292.39007956663323,52.06546823130646,0.052109870950934875
46.766109184229684,28.940618371826773,3257277.7368962104,2439.853163116862,15959.697689720866,289.3505390845065,52.00631404778618,0.3288220436347067
33.76777203900135,27.80891675919476,3706527.0814546603,3061.087970475853,16504.177922210052,290.0055708054183,51.98441517791799,0.4145973405546797
37.667841367705265,29.799212345468444,3351111.8130181422,2865.100158949141,17716.111753287725,290.1732056347788,52.03148528419375,0.20747577672250714
43.11574809888356,34.99539616217389,4257255.18134146,3076.66543430583,18866.023243390573,288.72829507622606,52.03169626406872,0.2015971730507959
39.83590248131684,27.315451424716017,5011181.437287684,2959.248121988544,19089.595539021695,289.85714379626245,51.99931775366417,0.344141484227429
33.136432512544076,23.571466505915318,3565303.330630391,2842.7142429676132,19486.106972584217,289.67941037134983,52.019787679414605,0.2504329370928711
39.17890053899672,32.02910098798899,3017982.8876521336,2495.8519350589804,16305.319690006985,290.04571819005344,52.032351057864986,0.20225528929335265
36.270946954861245,40.89511516303004,5484223.247330682,2409.9379764640103,20737.28888212156,288.88338750517136,52.051080130008984,0.11590362901488144
42.26053673059117,27.260712939294017,3823510.078082285,3313.275827872432,20105.636389927866,290.3365852871876,52.05530568070937,0.09808358115433959
37.25535647430049,37.33925797300945,3743871.882873339,2970.0458141554245,19485.710724344524,293.3103225205055,52.02906351997658,0.21143595397539755
37.463806147752706,24.533467724935882,3892129.2548321676,2759.1062556575553,14667.167916370754,289.8854548091811,52.00333502294526,0.3311903365093266
35.94626631572657,28.096187001216194,4237123.349202125,2705.23325799024,18533.25474657564,290.3859780087312,52.014621831652676,0.27573106653000773
35.95692063332931,37.433771116201996,4988229.6720791655,2704.1520198739763,17994.641413901067,291.1855566036992,52.021326153623356,0.24566820724586158
40.66912143264137,26.53382280408025,3974569.0342372055,2937.5008534018766,15054.34457592129,291.64845397534515,52.03448448819901,0.19455534758417087
39.48288227223283,25.931408966130554,4271887.599546175,2734.7504048123155,15679.284201053228,291.0694971078873,51.985406216528204,0.40582402542249607
37.88357128851283,25.99252623465403,4635861.333127311,3359.513163673798,14567.859603253095,289.2133284367393,52.011340951920594,0.2937222803544108
39.84853200362269,28.02434831911158,3617335.116630158,3157.415274158813,17318.894425014587,288.7464614369161,52.05855481936556,0.07854190012122939
37.437227060290155,28.97628034166622,3952829.6846009404,2618.700483936386,19531.399588617183,290.40634208756967,52.00967326692438,0.3086672161149888
39.80424031535874,22.836925599448648,4544321.970024307,2466.248060321174,15350.553108049593,290.2579830075901,52.05025164042769,0.1190328850386071
40.00825543990639,29.327030433456244,3115634.258430366,2599.831979997829,16807.0610138583,289.3870362543977,52.037728669655706,0.17683802813381785
46.70964131671404,30.96472922691231,2824161.307938526,2487.909451386486,16665.72003068729,292.19651129847955,52.06254761137675,0.0687046610781181
39.21012858140017,29.503057796163933,3912516.189093257,3316.1350464872203,18852.018074385043,288.52534437041885,52.042781130540426,0.14154368836501843
41.988997692105585,26.17149253077195,3272837.5694171824,2972.8742015046173,18065.98465222526,290.7965785797979,52.03490517297713,0.1880944121398215
41.45817849123259,29.026127516124863,4683709.796114068,2237.9357197562736,18468.314829070918,289.9316216470573,51.97515693323821,0.4534603194461614
35.49214608690045,25.295442971926388,3512648.9464322724,2958.1058180259697,16965.95468100734,289.69929860787397,52.06237354244657,0.06019717450139146
37.41379199092056,27.675935667895068,2950189.358107024,2872.341881629813,16546.748755437628,289.33864553695867,52.0608378719056,0.07440660372258971
42.25221107353337,24.305339287666502,4323278.218811836,2718.2684973803707,19600.487384306594,288.6717383253386,52.02370418674937,0.24408643034085722
45.270194435234025,22.997142977528483,4704077.826861128,3128.346189578428,18806.88585098019,289.2443828301107,52.03891917775399,0.169582923096859
41.79346967843129,32.16658426764504,4252582.97351984,3234.0690121333273,19633.93335501781,289.73782608473124,52.09272088547717,-0.07214297102857657
43.875988468631896,29.60562649334172,4440739.632441971,2723.6567167317025,15005.873244215034,291.0896239775156,52.03448433331414,0.18887789206176117
45.206542460999074,34.451031531854746,3973193.5712772883,2246.542362110124,14144.165384913844,292.639835258513,52.011784376814276,0.2940974877381144
41.85189025149997,33.9250895214191,5260676.845763451,2609.5358891927326,20344.829791735898,288.29042843178104,52.019102981376875,0.26179489472777656
35.68222147000295,36.589785234486826,4327072.757576061,2472.2164161881597,18868.189760765832,290.57311290564945,52.02155440896225,0.24333861557753647
41.54411166723303,23.92830064524305,4604225.298178085,3081.9913481561316,17723.540005064202,290.2457698678176,52.02675344523138,0.22323955088620473
35.94150574954078,27.281005777271133,3813903.713503079,2828.4186515810934,13475.026037355627,288.77948790296944,52.01332442012866,0.2814932949268012
44.28538506978241,30.491005888024773,2871866.8780854507,2884.078054613073,17646.359607577975,291.5610487187373,52.07484173355118,0.011211836066030248
39.510073181365826,25.429340877174536,5061603.221152768,2063.21724928774,13841.561266691087,288.3546782362407,52.07749472736881,-0.0013719065272720056
48.90256932511659,31.0978536201775,3872302.0626799124,2957.4613708760685,17097.438230974643,288.45522731544537,52.039777784824444,0.16091423687836343
40.8278179405035,27.617563422790127,3910331.652145676,2666.134652779001,19988.696947922846,290.0440513667024,52.05124805712872,0.11300705247231667
39.122784360710156,35.12063899281707,4860053.342767737,2782.706907959168,15706.454425562184,290.9391219352843,52.06097598934011,0.07260945298944893
38.39464573735836,32.32969129399712,3985415.3406234025,2624.087799745976,15853.513779439958,289.16104532592317,52.04029318459705,0.16240136308419
45.74844330788628,32.04010393760066,4458765.180571251,3011.951301748722,13798.287835354318,289.7563797714253,52.0741167302039,0.024470216170615476
48.3184755430896,29.450970047263297,3882876.6611559424,2936.8456584979367,16845.037666887532,289.5286935150523,52.06783618414374,0.036490862983061666
41.219493704305,31.515331777519048,3782641.970931382,2898.2299697395115,13020.107367580255,291.0351259724383,51.97452226995401,0.4512906246140832
40.877061465288236,32.82060676581227,2356644.5970926527,2752.4793863205014,16559.451430412366,289.4198488867549,52.003111165711694,0.3295357883375598
42.44864598148913,24.311589471650038,3159775.584660635,2758.5934572487013,13003.076147315862,289.1101139685262,52.005171668895386,0.3239466514917715
39.83039434211686,30.266307386661417,2933259.122499091,2601.141929863886,16632.64697609491,291.09046829874717,52.04489810907581,0.14694969805781527
47.52278773307197,30.65196230875489,3869962.9869377296,3371.4820082647952,16794.29205496083,291.55375642493027,52.03545154534785,0.1802431114123254
46.89365363711361,29.34801125575033,4250899.652910034,3161.406237049658,12816.938541241505,291.95229142529763,52.02455871752743,0.22997003837747718
34.15753220995829,23.547177249615988,3573401.7008325416,2491.2696322772817,16919.282086235402,289.80852760619786,52.01419010256439,0.27591028639267057
45.56130992166458,22.886425932077348,4361922.447917551,2881.2819311347093,17221.020699165365,290.33221427627984,52.05688643360952,0.09779738164485031
41.16284740084594,33.83006254416193,4089204.3628023635,2851.277367782147,15394.435062599787,290.7243821877759,52.041210047840785,0.1596794847186628
42.45604656038364,33.07684234529072,6237661.705561821,2850.629932322403,17686.179304220033,289.2313636494828,52.016076645816725,0.27487865658423766
40.71361328623687,29.602130887897847,4554768.419160249,3042.5577775046454,19535.223490855973,290.27360899339953,52.029254925368946,0.21363789945666833
39.55568911221623,26.170045053117224,3400028.8758766158,3292.65572417169,16032.102952003741,289.17299582365143,52.0731129619781,0.011538721693302348
37.74788919507382,30.966370755280003,4373965.7042513555,2257.6091902402713,17917.861342958156,290.34029971683225,51.98807710099266,0.39381961140564437
41.70521123569151,34.833174816475584,3796853.1480686213,2910.2018473166167,17408.853618186684,290.0866380905572,52.05399178484194,0.10455814624325155
33.914701231929946,28.80600750865499,4124609.7309848466,2539.646716959151,20141.18516034868,289.7052943062742,51.99984467684244,0.34634325036131125
50.811284243681804,28.752118084034638,3694004.2270039967,2370.6980792045865,13267.280732389523,290.0465921802637,52.07133299665521,0.028145032486223468
38.44281583750368,31.10418542703361,3969077.5234212787,2817.9660162581736,16676.78848770989,288.15985403673784,52.090442546210305,-0.062190281110575896
42.15516697829978,35.300910177657926,3324855.0678932783,3275.0524241626927,16870.51605078502,292.3679089165593,52.05995145734417,0.06919924156762862
44.042229656955215,29.53212308971566,2780124.471168485,2876.310246742348,12769.19494420976,290.67816808093363,51.990325666514586,0.3901294365461264
43.14711218779798,32.197588750376305,4563796.832347776,2899.383896370429,18626.99387673816,290.4196668162393,52.02351982028649,0.23941441153185863
36.86412337317268,30.829278927222802,3537072.567980956,2436.0273713971824,17167.670311379177,289.23038317175315,52.02086929490141,0.2533679209184391
35.86492925583959,30.599207624365448,4588392.1162868235,2424.543483053201,14078.731456037865,287.6242317630009,52.010341293422435,0.294435921904012
42.17444040759975,23.34177423800262,4134579.6934053935,2951.8348454357574,17920.022177926152,290.95527450628873,52.00662797543293,0.31598853167545576
42.087608036524145,28.77639324477607,3349733.607364012,3400.8751660054863,15440.418424251104,292.2406810541366,52.0365148626893,0.1803542571230155
36.14360150018283,28.530846816844132,3644913.757500126,2512.5479016262366,15740.334964985721,291.6016607359749,51.967528067618446,0.4915033019515336
37.79353378144219,30.761696101867514,4343626.507503177,2539.6619043438645,13234.736459583539,291.56020193909364,52.03800482193206,0.17852113960917032
40.59744868911767,29.77704002974439,4615199.777403611,3227.304006314006,15796.52934215638,291.1502506828382,52.02983090617336,0.20473632439980732
41.631829014640694,30.422417346059124,3912045.813163414,3180.6270798564533,17554.627800225644,290.7639231706004,52.041067117042374,0.16169515745106663
33.96345142233858,36.985944579312985,4215425.385573281,2822.918488341108,17104.84748931636,289.16927435667634,52.078950441702894,-0.014524023773865807
36.90394463226239,26.214714468375295,4126362.699166523,3109.8159172664673,17631.241788756764,291.3223266020472,51.97056242718476,0.47472647012465885
45.952725807016066,24.316974449021806,4574768.398661546,2533.862998390758,14889.594152640899,288.9768995907765,52.000948382919596,0.34025810813278334
44.37621322171121,33.16314477297235,5355737.916188562,3103.1529086042715,15081.498203922045,289.6648482312441,52.02514413095896,0.22744086747445086
39.548632534922824,30.419977991070006,3724226.3869850864,3158.4695225429123,19958.843943884658,289.6112856472326,52.017158351615564,0.2694697385777295
43.398600366991865,31.78638522913688,4840129.313603321,2951.4470844783527,19129.495674701204,288.30950415618946,52.00848666313084,0.3090791101160167
45.407890154095995,29.35024915412156,3886767.9900331018,2687.918299957673,17758.49234827708,288.9468034063144,51.99582497768047,0.36023143422990694
40.08035777075066,27.387723323690732,2983045.9772450873,3104.8368369594386,20757.499666745392,289.6635470682497,52.00636543100248,0.3238233407192871
43.12515899987132,34.65033327245375,3854304.4716671654,3469.699548628435,15843.757654987654,289.3094611223556,52.020630312497815,0.2564965049106272
41.58100665246772,29.186797239850485,3655211.9153252705,2797.445501663041,16322.880226323849,289.56031518618954,52.00874896522096,0.30399589896098406
45.866144973206744,26.987372465963926,3763901.3052366497,3218.6601944802132,17114.166505984078,290.1514754600043,52.02839337095518,0.21759109409819818
40.64152043999717,28.30076170000111,2959704.0409041815,2655.914603163869,13144.679208272277,289.6833223330073,52.03300777689744,0.19791345198669427
39.476737126905036,31.01811631040032,2326082.2735525775,2613.8962425197915,17909.15942722887,289.3216161878228,52.06967814288378,0.040065657730548314
46.66123369822562,28.741732198097047,2862315.755547297,2788.7669772374556,20567.565545525107,292.1919037050333,52.076110122949224,-0.005684768482739704
46.050639114188336,27.81553481867079,4130808.378669244,2719.8612691260887,19265.011485175663,289.94946156843923,52.03057159291034,0.2045647245941057
36.25469761256587,30.923179318838134,4044891.083430816,2323.936260734207,14934.873322136305,289.85574159130437,52.06203271398757,0.07161259236517806
42.52812837604564,27.436341830425672,4393031.509604206,2696.316227784752,18229.59275726423,289.94206333669246,52.05969212721069,0.08000474891046658
40.22766904158085,30.1843805240641,3757286.5733021917,2803.375993972355,13807.741583523773,289.85582116369466,52.08427013501707,-0.034387487915182126
37.55755514901842,25.12985490823064,4226419.112160179,2606.426510561783,14636.004406445722,288.41277042185834,52.012848811515376,0.2903454740167228
41.67625766871515,26.277580603475204,4292451.840113321,2942.232708984495,19239.838708967724,290.01944292777483,52.093997872128774,-0.0689507487898797
46.91701909242066,26.423096304013416,4521037.070554181,2689.0131286666415,17756.85573100449,291.6296607602686,51.98552974423124,0.4160846688513185
41.80943619551847,39.25036335034253,4384496.788589539,3210.70307062393,16655.89677749311,289.76074243924194,52.00705511837067,0.31602887580770106
38.74342764123079,30.168057959945397,4290659.052030932,2540.328936466942,15469.567383584128,289.5499909201216,52.04542447561918,0.14226078114191498
38.3679112048504,30.418865850694793,4239962.655309734,2785.7831120430938,13102.465574487022,290.9320608093152,52.020932178067625,0.2453475336245776
39.73625171252372,33.40095865231903,4060765.3128783405,2929.4962187839146,16461.21553907238,289.2184545163377,52.04471160330249,0.140992166856492
50.12085329252565,27.620463070176342,4553657.9686987875,2326.9666849030546,15978.685686734032,290.9835970005674,52.00838868158499,0.30128932106826706
38.306642224250965,28.11463895558537,3296864.2375691105,2957.997565394328,18082.669858290148,288.5740963888647,52.065048694108846,0.05666208573029507
43.47506188888039,26.90446826509361,4621009.869810636,3146.5803361371886,19963.630923590063,288.83786660060247,52.033474207377985,0.18988252261250776
38.155193147831895,27.970788702576804,3855254.782406923,3092.5733333635735,14975.02584522287,291.26760012513057,52.045195494237255,0.13571557441184257
32.494151918543324,26.535457183770607,4523946.352983063,2967.0356686624373,18077.432322957524,288.8680417641336,52.04726034770828,0.13181219317601173
35.88328003447949,29.004786288754843,3089487.5949097807,2261.7767878927066,14176.874234201767,289.1721097346843,52.015551284451874,0.26817506896360904
34.278601509288364,31.209003097547875,4889082.1025401,2607.9518671597643,17827.830947764967,288.94760169880436,52.02032303844078,0.24851836675540112
34.21533544519414,29.7416579768431,3107427.095238434,2553.5369569720906,15931.8194444853,288.6496983550106,52.047514230621054,0.1308489106410174
38.64595932395168,32.355282864360106,3746092.2206145744,2642.8319283290434,16579.32475422231,288.981613082106,52.013009033304506,0.28872435246012673
37.60061730885208,24.600882136179575,3894267.7189882095,2830.8298119541796,15047.914260240883,290.63645105362383,52.01060525876403,0.2898908334498182
36.18145950973794,33.450508614771714,3490621.3042947087,2765.6188896418616,16329.166146551577,289.7189257826025,52.00111851217217,0.34396564250737305
39.710490354425964,33.81611673868471,4399062.512680971,2812.714426756109,21490.539750178814,288.13489483045726,52.04994502045566,0.11367422187938354
43.275478241175705,31.269264317239223,4566372.301623914,2795.404461021416,16335.925260367705,288.9103505733162,52.0118416717666,0.29135712126333363
44.97490261519696,26.747406744242596,2749399.8490882493,3152.1350276013395,15969.833860470993,290.39204322492657,52.04918896818196,0.12616680799106775
38.862292700338706,31.279005734611857,3571070.569735712,3223.010299800045,18653.64349381433,288.7422319558311,52.04063246387257,0.16183835169886995
40.55379174726699,36.353079807331454,3668558.1938814893,2196.7371174447553,13516.186128140625,289.663292409997,52.0578290120905,0.0905628745058616
38.560806357311904,26.290408794008574,4462181.654426097,2745.237585452477,16174.605481724655,290.9255043388749,52.080344873918655,-0.01659356914255181
42.38391029867672,34.11186660438783,3380773.258942078,2887.245576934222,18939.45201206728,290.0811155458598,52.06352189842224,0.06043611445781118
40.93467408720623,30.71197185232553,3968122.5200701775,2764.04646501891,14578.269338847691,290.6440051822638,51.98997687961166,0.3874491560794623
40.74847531698898,33.311314913513485,3604888.9613599884,2963.585806361727,18271.1127833203,288.9223904167416,52.04493771298881,0.14864539063996196
32.86347650329433,29.027619168003195,4751845.083359682,2844.046373155577,17873.933020240427,289.1988134485337,52.03906147782259,0.16951962575480503
34.41683472451313,30.387700695133315,3198614.8982940726,2842.239805880995,18284.419867294597,288.1506281417861,52.06272723198114,0.0644018239749667
35.63133461345022,28.142957640024694,4551049.608063032,3329.343466688909,15856.263236780616,289.73490706537643,52.0325852381684,0.19218144577575247
36.13859192668836,28.077438497672404,3978983.2860509325,3103.359748626038,16476.50748503077,289.72930628656184,52.0006562317507,0.3406293734826186
33.65193231275,29.004480295612947,3112994.739129939,3006.5986479155,19078.371465401837,291.0156574817706,52.038050585227175,0.16167929733900396
41.298042942506434,26.920271428582275,4126574.923185008,2755.3366975204394,17642.194313658663,289.2253923752186,51.992384758037545,0.3737448409473805
43.62468641050871,32.51284525883412,4391557.558256127,3119.0035183997315,17572.566128676703,288.7942820750338,52.019978718908554,0.25554438533173635
46.28443469280677,27.657961566916768,5134724.963821678,3451.211346330982,18008.52003225741,289.9970695697652,52.06458380897532,0.05507443056127286
42.20169704814787,33.069802920719745,4459284.291109565,2926.3683684378047,16444.71813953383,291.58390054603376,52.01660847988648,0.2681779572564272
45.608284651671916,31.04123439329156,4829492.497416197,2338.8762016790934,18032.727565628385,289.6145886248595,52.033505900002375,0.20276565296314716
35.0944073709409,26.717314229476514,3693723.4949717936,2514.042433849737,18353.610908989926,290.70854112758855,52.02068227975894,0.2476374823992312
35.50768345691417,26.849997982695417,3619769.8858850924,2556.6187827858294,17997.25430545465,290.64227217718064,52.03135465389974,0.21208036434977867
41.40145489815535,34.79793809385375,4239807.06024053,3074.0608510905286,17063.593074849075,292.27317533854387,52.00123709970337,0.3360628813603057
40.49624656315289,26.578333463996046,3644889.1599428165,3087.4723955823756,16025.60350198652,289.1289685449856,52.02724460545055,0.2236742590874784
41.058037208821645,28.677776290276306,3865138.1970607257,2497.005257596237,15296.279450310545,290.4905896973,52.05165949400482,0.10857337834222382
46.091856053761866,30.3359921652433,4758427.952037307,2877.1245270886984,17775.6566221786,291.98407549629553,52.00651133264208,0.3148739690849424
41.56830138268495,34.382757168930276,3232354.439285609,2838.6070679367617,16125.22222006392,289.46354509296947,52.04762865111202,0.12681816254048744
37.960645543899076,30.68288383294118,2476092.310140401,2895.233489396909,22469.020346307618,289.1807330212826,52.067730650014404,0.040521687447844026
46.074397298146515,23.142794500338823,3862379.9727396746,2269.508015963248,18070.71330600998,289.90188658402315,52.02188094747438,0.24705247942032557
41.12671111069367,23.535138543717114,4824175.79932077,2472.6544700594036,15265.033975541315,289.59182040678184,52.01058494791516,0.3025403772466649
42.05716310171971,28.49366472358839,4325013.491259505,2875.8173911162994,17356.82226053948,289.39182763363624,52.09044177920045,-0.06280614272347657
34.23358534349709,36.2341896196165,4400169.298298673,2904.380881364328,16236.081424785649,288.22939447021855,52.029773432273835,0.20633684484836162
42.6412364190947,28.188657672381485,4112786.2448194297,2593.472291278036,16220.87019627714,289.27072850235936,52.05271462498258,0.11522520884101556
42.04432668252786,31.051240438364744,3623742.4544855417,2827.0150272485116,15520.279121539375,292.4913260189723,51.986976335434875,0.40759018398818325
37.48439758949329,34.172877663510235,3588280.2648985055,2451.1623700774967,16259.487818091777,289.72898285217036,52.04162224018372,0.15500626545024826
39.46486322274076,28.750616563302163,3884303.225670097,2650.798638338431,15508.78944571218,288.81369226339774,52.04460888101664,0.14770493524597897
43.602766314653465,29.789024490857837,4177969.0264174296,2958.3968325767905,18451.95122193781,289.89924131738394,52.0516938093017,0.11476139040205546
37.80803844625797,24.802726621977396,3047907.4970581178,2909.2506526066354,16767.368945761278,288.8588917465131,52.035702373284984,0.19202772755570885
39.000523690842456,28.193531737433045,2934899.6141084502,2547.121038690949,14786.612546151431,291.38711368979597,52.036114351162055,0.17710348295439277
45.72841652337158,26.160769539310902,3432593.899946218,2503.609022471462,19798.540886005565,289.0294473322671,52.03769033878225,0.17738746680806552
37.064353259727284,30.17316729167361,3714301.4649520884,2398.6344084218003,16290.900774036814,289.1372809289766,52.07072738625166,0.021318409268593404
35.551200864623624,26.487383265783176,4340646.090464607,2807.789051131477,12292.392486127732,290.11715040936986,52.01819080948958,0.2687356422774506
36.12084406739,27.59854579800394,5337239.936642808,2755.448806548283,17391.30548281948,289.7972241533544,52.02804137826199,0.21536904489029088
39.71401900460805,30.412089560175556,4265716.556248007,2682.537495189429,18299.061745164814,289.36499775443883,52.02185222814132,0.24798503241347716
43.41163026471787,30.011966900954125,4142606.4947538,2785.738130271329,15014.686151902384,293.33052674317526,52.06769046663937,0.042313386629453935
39.256907676926204,30.76473670976885,3795610.6083083753,2937.613857760085,17608.467251762002,289.2550122071316,51.98883919250162,0.3911760908963601
36.7404336982212,31.478606320083934,4351178.894627917,3069.5377674232955,13476.448746840413,291.01755052955326,52.05089939240906,0.11885473185116137
40.63374001206069,25.593368130184455,4394795.499237845,2970.226057403855,16709.759684116936,288.87998557025526,52.03561988334384,0.18876620037348638
45.13043801497299,33.356244006512085,3649963.25563608,2672.0840091105442,13435.798891701323,288.5750748717767,52.03952644146588,0.16206994433626618
42.71585309145249,24.981847847119305,3507606.0456730397,2629.2798723619817,17451.067630613936,290.42068843453643,51.99817137420546,0.35350637039109056
37.83542906177193,28.875408623573044,4373251.156451622,2811.5903343742507,12980.127007057661,291.1359046273672,52.005956887098584,0.31157327633957693
45.46274579907552,29.146237454517482,3646469.6942532733,3289.764773773449,15151.527056549541,291.48549693701716,51.97452520095944,0.4425004086023095
45.70817305260388,26.607464949279596,3732991.518748602,3446.7593267305165,17403.822794804415,290.29287917435425,52.03323910182004,0.1969194540755053
35.74305383563225,32.08651781172723,5007901.185701016,3023.89976073213,18398.82462109597,287.8068744040843,52.05177310449726,0.11493838434251602
37.30471192157821,37.59675585836928,5091552.146908984,2535.432290728164,15565.601067108642,289.1150745749846,52.02309785327512,0.23873534035584404
43.549887729697005,31.830951996996806,3905745.9216709123,2536.807820337466,18746.983248029275,291.50248995935937,52.028566955122294,0.21495637875441628
32.265922904165095,35.754396467377354,3332244.0503025544,2578.3287537390447,19409.511540432428,289.43805019222106,52.0043812070959,0.3259871704470212
44.29428832329676,30.184983367838885,4498845.49601205,3212.022873055435,16071.575578667873,287.9936411002535,52.02289050427381,0.2433439857597692
41.575086193417896,24.079118993265297,3654160.5248346673,2587.9404049623563,18034.98191256023,290.49495104747774,52.04528734228542,0.14276984736792345
40.840793466179704,32.69815785098581,3512571.1480074115,2724.34602499414,15712.39037196137,288.173618600098,52.00695633949587,0.3108364520029002
32.33766447334831,31.186161780565033,3552025.7924851296,2984.5909051521753,13773.547039103221,290.2203285036521,52.00903596575656,0.29961578937000427
33.02014280956624,26.570526023272077,4089244.5552769606,2438.676258659002,17885.56711437092,290.57330737688625,52.04317151551663,0.15074482784392293
41.30762602410969,22.74404523649902,3212083.3322522575,2486.396485069196,18021.01847536178,289.23428659495926,52.049103766754094,0.12089755422768904
38.4724640242019,32.55351791427704,4320015.487468172,2832.4387205424237,18990.61128446002,289.1642498315584,52.03009091150115,0.21068940083192123
40.79357038605817,20.486080617423895,4939482.6701490935,3058.151774501329,14321.54348343477,289.159686256769,52.01932450656066,0.258619918096625
35.56135156335918,26.77726042487745,3768844.689302114,2986.408432053282,13334.410784827533,288.9243750979939,52.036457768798115,0.18085045283470705
40.58137395633772,27.26467958188192,3716630.884091994,2544.106193956603,16311.122116920698,289.0913011528952,52.040672092919564,0.1629897440170547
37.875540322365026,30.5288004735088,3946139.924375295,2610.8710291543784,14141.435843419858,292.9920445044002,52.11650585021989,-0.18251095488886634
37.79436553264849,29.614668643790214,2512642.921499596,2127.85253265694,18232.228038867735,291.9449625452096,52.05410047145082,0.08778478818281492
44.49749987885558,27.900227047989436,3842347.6140314224,2898.4109649355023,14767.40237706197,288.1206054261194,51.98713173482941,0.3989478233162227
35.184438375985145,33.33777037698737,4239918.0309673175,2455.4309512236773,13353.376571707486,289.7843879249027,52.03695196295644,0.18677722565021615
39.22344234012284,34.94154475717308,5142905.812763084,2927.7039127160742,14697.622128131181,290.97336598041534,51.99795860727966,0.34993035821262225
30.50537779374389,27.703416423870316,4663153.893168877,2636.26020113363,16755.474003208405,290.6640039961921,52.0296573104936,0.21635448551438596
43.15142232083918,29.17578992881517,3427422.153420211,2234.1891744760724,21944.083545252393,291.8372712308791,52.062829815123564,0.06012330861650219
43.11461099865862,31.48736855528231,3810414.8157048817,3068.22705645937,16408.880397927474,290.51134468938733,52.0295240210623,0.2173591399052115
40.55550200339596,28.98794618212596,3205356.663634734,2274.8039717574334,17453.08624305396,288.3922437303994,51.980414552263476,0.43481290567561864
37.68089615970004,34.15936304561588,5041143.305708965,2724.1127985148723,19444.13845433984,287.628395371192,52.060627818746724,0.08287154710227328
43.57955975414373,29.276304900059458,5078597.333673638,2973.209458605024,16321.982233974262,290.0177410285899,52.03541382617242,0.19210274990668696
36.16472041968015,30.287727456635753,3275135.2850133055,2770.588797948771,15054.484238248653,292.2460354736773,52.002265913469884,0.3343668542509099
38.180949848631286,27.947673499623583,4507930.267537403,3058.3051578592326,16330.46270975373,288.6082297545424,52.03070561595406,0.20599726516373001
37.20717413892452,26.91555900210869,3868652.5259942827,2790.127664555012,13746.857192447238,289.1495115798162,52.01488104779714,0.28776685842553823
32.27273051654178,30.398357218611498,3778618.691798987,3137.4864751546347,16212.92901185965,290.18889850630734,52.03682015409519,0.18262987087555166
35.42622644932827,28.96782155890853,2958594.254645975,2881.117921044905,15617.615386703446,290.656326437804,52.03667477650688,0.18272109134739342
35.96278724582651,20.50932462344259,1584002.5969646107,2613.5268476683787,17980.310562042192,290.24482507116227,52.007902731748075,0.3110521739805741
47.0337549969696,29.6411743990803,4431542.703091656,2472.518964396689,15562.373435751335,290.2469230559264,52.034361717687425,0.19214802220851554
41.27026377792639,32.83233874806918,4945800.706778513,3056.9758117941533,15367.582896849639,289.17005777705657,52.01246705332243,0.2798975066932164
38.95866706286151,29.642247965964245,4204265.745056073,2435.364876131325,19040.170549414775,291.62955602131177,52.05079870326884,0.12172202276019166
48.000183783483045,33.66552428153256,3517090.3644423396,2715.4669868207375,16957.11928842526,291.50371324921645,52.05434098644881,0.10107760166995365
42.70323416656652,30.418611214799615,4062314.011529122,3367.194932656391,15099.612749092306,289.8964066477991,52.028863632467434,0.21250205853075807
39.22993249590388,29.27748705099885,3186823.2912188005,3527.574260934932,16602.38567924376,289.8407586759622,52.02675567402493,0.2237756569441319
36.817015939604595,23.678865710762626,4626458.819750815,2908.297644561025,14434.64100811303,287.1236282009672,51.986301779285206,0.4077594346666929
35.79161088804598,30.699362981333348,3199159.278290541,2687.3959300996,20549.64008928038,287.5170051834492,52.00407152149312,0.324612831932093
40.08914070840764,29.914884443519036,4167245.758734026,2865.930009344315,20382.427530741832,288.3961392039053,52.0541287499494,0.10522030034514146
45.08369108014396,30.807385401362666,3122348.669561487,3100.8574086725557,16234.77775833859,290.6458228841845,51.97714618780792,0.4429315369314294
35.451304186553834,25.709960624891497,4732521.459353551,2775.5250794485073,16257.142037211293,290.9137281191486,52.0262918842343,0.22364319516796474
37.52871031412564,32.60689024084113,3861142.048560779,3117.44920178308,15705.400596199124,290.79755951594296,51.99813255698012,0.35475783518541215
39.260100673752426,32.0490627014883,4892568.59683294,2391.413084376253,16686.46616322285,289.7938517052041,52.01474187474528,0.2691007508632168
37.32878708441596,38.45468450781794,4751332.424888492,2803.2370805544033,16841.3865590706,290.65645009453226,52.02947433559801,0.21795741881512354
46.8709237594125,33.36423447944386,3541191.6717306525,2734.909864043083,18836.785532159,289.69561286505376,51.970549684439895,0.475071289658642
37.73923687079187,33.91016248281003,3389036.0768754473,3608.755687860504,21451.701591077886,289.6261469772223,52.00141072108433,0.33419772514921453
42.88670974713154,31.138194200106593,3745724.177088817,3015.706718977504,18930.025920118085,288.6764971371565,52.03256281921717,0.20861904297742415
43.83434587814414,28.50690665882318,4086093.6328340475,3473.3989938547065,14173.935568479603,290.5247052001801,52.00120751074835,0.3363902009253423
39.909058795294456,27.407842522003474,5069192.526813753,3308.1865758435624,17954.200530828828,289.75023584687165,52.05873936258146,0.08209224881617465
43.07470208008843,31.864844986258404,3572698.9687594357,2422.4627545564526,17858.42008044296,291.386932809838,52.00289567742541,0.32388357433667964
42.81713271670072,32.7009443823742,2644161.780665037,3409.0125595154186,17890.227288885042,289.0934198882469,52.01929092897508,0.2517213690647245
37.68841809012528,27.806381781125715,3909363.3467473052,2538.2328198866494,16438.69920224387,291.82550795553095,52.038489118445185,0.1748583433072074
37.46884244324472,37.234250165850995,3177467.923327331,2592.5046719071283,17961.70712917873,289.05199115104244,52.03543328986089,0.1952689194699468
50.62200926929675,29.643971253276792,5026785.308527821,3144.694327667805,19318.27549649428,291.80531368158256,52.04893036046573,0.12711881799260125
35.511014018239564,27.07943886228857,4793245.675402654,2605.0243492949003,14507.17875070582,288.7879871871003,52.00853562474003,0.2998263215740944
40.74738774389484,26.83896333504649,3650193.2107640663,3114.9074284236094,15333.472884758836,290.65309587058795,51.987629770915085,0.39786813776841257
44.82943470109127,35.31648958259,4056374.702248946,2759.360623666661,16420.199603665853,290.88915708408433,52.01919996790996,0.2539451997006343
44.064671085412606,29.45419514878754,4430459.436376248,2403.245329431379,17258.217138465,291.35937957290207,52.069290772285406,0.030903919168378955
38.41338444045513,26.925720824520354,4809885.644345735,3360.3243116579656,17625.070643908293,289.83523787962616,51.97961818502203,0.43129263978353466
37.42702152937376,35.486529380092456,3873923.0681710937,3468.721645062914,18544.54360284329,289.9206298573683,52.02908388390832,0.21059756226703705
36.61757487545903,28.45530051342776,3655489.2993297586,2592.70227651092,18079.368866386616,289.00572937506774,51.99087092433574,0.3915574214273409
39.698698589360816,22.55498895032348,4356028.179876892,2891.030570213554,16849.386022280953,289.77281951462146,52.05820162556691,0.08342665893890126
42.28934570924482,35.08640599546858,4920044.030581871,2478.5366885846092,17705.190856766974,289.0232951821945,52.00980632131838,0.3051951153094002
35.67182641300724,35.22737296568531,5291123.959312195,3151.7278485341894,20555.037685589992,289.36049703059075,52.00729689391105,0.31691952996164424
40.165630005711876,29.395945489675977,3202560.720533105,2294.817020204512,17789.278178058707,288.252998328867,52.06208200490882,0.06585295387415994
39.88315622895366,28.864240512394236,5300105.083810008,3076.875363857846,18797.619609487134,289.61633531410604,52.03240198572686,0.2009472667667314
41.4168612451579,31.609139579275556,4881709.768130138,2964.014056062357,17680.724688727387,287.93146916648516,51.9949311278073,0.3682597030601047
40.401134341234574,28.249353667775573,3841436.1493367082,2491.840440184217,17395.614279677167,286.89202157764817,51.98828847567372,0.387545639645738
37.90222207359502,32.01011120233546,4802502.94333489,2758.213642031423,18628.598312586528,293.07301773032333,52.03610370015008,0.1908730002012955
43.122814851465755,32.262360360997114,3617513.3783565336,3059.060408767884,16179.798317345672,291.3281103376444,52.049589002112576,0.12076410872855953
38.05605022756289,27.484853746790193,3997795.0701216026,2257.172261490193,12871.29250187946,290.51901208671904,52.02298418183365,0.2416233364631308
35.70034577854228,28.85178231024687,4369077.326652113,2637.5727941984774,14428.437217404236,291.7754081762673,52.040843066026625,0.16682875449009799
41.80609741946414,28.72264065820238,3942699.0249090204,3059.9865395076,14805.980513507739,290.7123606739062,52.02666061782062,0.2229710303066898
39.70970975758075,30.96124890315524,2954780.40468919,3060.891469586108,18805.88320812533,287.99993158970585,52.049597851366286,0.12362292473852657
44.02345568913182,29.264758156129965,4897579.342311205,2657.979922361955,16685.73708562235,289.7793579626531,52.05724694911454,0.08377242935539071
43.15209045663563,24.14098274519947,4861433.512353628,2640.5207787522327,15714.1909263701,289.73029125251225,52.049480054639574,0.12093965884013662
40.88704896855451,31.55066665491604,3987496.2881141556,2899.5278979877207,17414.802541138935,289.93527840524524,52.02564655022635,0.23078846279928117
39.21187718368422,31.8957269526667,4901768.940247505,3010.0259853088355,15604.134988487463,291.17797990404847,52.03082281545254,0.20162516065268563
45.34455334023575,27.68009984267533,3681959.1132569015,3346.723953414683,18429.470487529197,287.78538168149606,52.08609460421844,-0.04057411342785568
37.50390406081444,27.993083619668344,4074647.9342634105,2448.3107208460956,18132.733986155334,289.4551714638658,52.049305481331835,0.12581655080554233
37.12223521478247,31.088433229981575,2957350.0602371865,2425.189809217018,16688.98183117943,289.3128925757417,52.0218982387715,0.24778689852977076
36.41882415149857,25.363707067671957,4595305.135665763,2350.128935148848,15859.087729031406,290.2050897459712,52.03777464898613,0.17510221891467292
43.431735065667425,32.377937563835225,6124966.624283061,2952.699471375031,16490.31634073627,289.20248115142317,52.016970309794516,0.2694910509730028
38.11270451132453,32.08574547219579,4685218.08937371,3267.8331035399056,17239.77235517505,290.8522916964154,52.065918666128184,0.055612747950405904
43.244922423912655,31.50603990055364,5481136.962591731,2543.5893126086607,16413.89688955493,289.41921838495614,52.073736038284224,0.018622331337173285
45.116581028931236,28.44862347148545,3175008.719705187,2647.4939365130726,19184.538322763085,291.84199985919184,52.04617923628899,0.13678316760483508
35.146158831781015,28.826578795241122,3262851.5648636282,2454.8823878952803,19269.60726967191,290.74378036712517,52.07995974570129,-0.011948432453170746
39.18330724250695,28.638472264631982,4162325.7627502833,3120.165943799314,13587.735395418349,291.4432426125863,52.05189497284182,0.1095478144272315
43.81767083891207,28.25926758753783,4040486.1547021,2591.7333158383803,14095.042230124314,291.53970124823024,52.0264537602109,0.22448929277336602
39.056568978641465,27.227259127167596,2575531.938398543,2892.3264696013107,18910.651872673454,292.0279164880689,52.04502360725365,0.1417619803498765
37.29115954521416,32.92465381818946,4664031.446359249,3396.4027261341334,17276.624103806866,288.9910818613257,52.01439869255558,0.2758656184665432
36.05392713631772,30.02443985920799,3502393.954999601,2643.5361030824647,16025.539540387386,289.0415594587445,51.96867693639094,0.48317979932871247
43.8676462069111,36.55996726231439,3213072.0672399523,2595.022192839336,17015.385215588467,288.3620610545205,52.01525344763427,0.27644606195187604
37.34444862373317,30.5920565129157,3394470.8307362306,2968.2656161556492,17218.023029519503,289.5119158131664,52.008847209153416,0.30590397992057294
39.206588079709654,34.555564638823036,4455031.006927937,2795.7644834692564,13859.5815263492,289.78966414089876,52.01092355987354,0.29828715776272985
39.685033717010604,27.727686998123296,4209805.279845282,2738.5002742804895,18705.349403070184,290.098105351798,52.01274484423936,0.28319369199053557
38.033114999712055,33.127652620566,4081752.4452037606,2279.1953644059586,12015.3368896554,289.53720804813776,52.06126812807906,0.06865712076823954
35.8848299542074,28.919469168557587,4608057.146611528,2753.1598368093937,15776.713793873938,290.6208313800222,52.02138052838892,0.2432251371276152
39.39935660640803,30.077954324361375,3847783.407112294,2913.893216805864,13373.388279354262,290.0500763009598,52.00475627906007,0.3207019956466286
42.52061959451331,31.426272693030075,4709501.630885264,2764.4162052321703,15451.457524782645,289.87907438180974,52.03814537259552,0.17455388415000891
41.368948656926584,31.601605345696644,3661067.181605895,2752.6666709457036,15057.135451452848,287.563948962635,52.04700953849627,0.13593684030890943
36.38854818039004,29.795892422509315,3183073.0128222276,2892.954050716145,18477.89223340031,290.25897674018074,51.99485083772802,0.3597977910658215
35.82310693044963,31.720752843609567,3639738.5401875107,2965.232713452182,18108.365497712308,289.39094081225375,52.03306222082573,0.18961934857143448
40.17339584481649,28.486437170006372,3872110.561183221,2795.488094866832,18286.931142718557,289.36309807502687,52.03472395087149,0.1811174852601716
37.97205627283171,28.55009713693984,5310001.767847312,3110.2021531021787,19018.239277355588,291.2518079542965,52.03705966698456,0.17529354365712968
41.11857370233272,27.694828083325344,4147316.119965418,2862.009795213489,19733.885770338176,288.135171155435,51.98509644703252,0.4087000369675715
37.3593635749109,27.215451911028712,4167706.3086258895,2842.776323675418,15476.4158205652,290.57378524375736,52.00559637220001,0.3261601967930303
39.23941228780059,29.170987336636315,3468373.8103710804,2532.3687950655712,16221.395541991542,288.3136566551276,52.00761532796081,0.3137003900602964
41.11783209832199,29.306395771877533,4490221.519484376,2793.7947509594087,16918.142342372917,290.1862817582502,52.00463516927618,0.3227495565374177
38.65504772195404,37.0628881788549,5030082.898058624,2751.4593507836103,12115.467112786915,290.7411571398467,52.062848073493065,0.06556440007349437
33.76980293740339,27.293050703780942,4079446.0641161213,3174.307534120431,16654.734223830008,288.6743975141013,51.998262512207845,0.3554449924748508
44.6275707657294,24.699572228876423,3499958.287112866,2522.682620716978,19631.91625942087,290.34574925600083,52.016419969737235,0.2762449615823148
33.524704158140466,35.00176652851039,4201202.585396596,2513.8166371968127,19629.149516152153,290.4021728872176,52.01356626557475,0.28350760746256176
40.825671790016116,32.3077527936714,4549997.934944872,3571.490745709239,17930.872151310527,290.7236349362257,52.09957209966998,-0.09847610853959458
42.05598404076052,30.82999168084083,3258171.9086489337,2762.680537427619,17926.05194090475,291.8423054714087,52.012583141007475,0.28399501400593835
45.8087128232999,35.4985495013668,3544402.8031322653,2960.4197773624965,13517.899883387105,290.07448888549186,52.02962065997332,0.21140645019849896
30.587276974136497,21.70857044438568,4895476.808270295,2570.763759859153,15113.063310164176,290.28678006109,51.995954555558534,0.35886720230223024
43.13781884592514,29.683799448802397,4533039.067088196,2863.9010767724703,15926.127652412251,291.2653298915002,52.04916430541191,0.1355407090200539
40.80192737545263,35.3902158586672,3950719.9530391637,2671.7035125722145,16783.65041762647,288.16562569597494,52.0213093313193,0.24817541350041605
49.057686688818656,33.02214939273307,3278301.2000629976,2460.401613643168,17307.20598500484,291.48176209887555,52.05383786180423,0.101946464610295
38.30336713218385,29.329331756417734,3696596.7664176314,1727.4598072953722,19052.208137114907,289.93374216228955,52.03119943530444,0.20072764274757485
36.58752730027974,30.885626395807748,5719809.09756924,3261.76686029035,17328.566192203223,289.8259283372924,51.99419271196306,0.362105449064163
39.426712488181586,27.77715147895727,5274272.166715335,2829.2002343404456,21297.58426634733,291.1650433434803,52.02267883927564,0.2502868758282572
48.67617597839893,33.26133978067411,2773446.903185483,2323.895764931057,18125.2842265642,288.69303808089245,52.029577047453714,0.20551190722162505
44.55813098659055,32.20695704176079,4853898.105000017,2950.267471000748,17539.69657717497,289.84126835796224,52.048875455270384,0.12794203629415996
37.329363685541814,29.018601634878095,5614354.922563489,2448.304572161866,19562.935971293267,289.106431805668,52.029725084133865,0.21372745815210964
39.74736915538554,31.81286743031364,5230268.711630585,3175.0173344472937,16607.252236042637,289.89813743353284,52.03668738110621,0.18028963098316267
40.70681111051527,29.817096499152218,4602280.805618883,3031.8370317368917,17217.916636921644,290.18985963277004,52.012592098020335,0.2814060406857641
39.98590023737184,30.181395269512272,3277915.3845589254,2241.0612632831435,15630.67269165838,288.24019336711103,52.032491699034786,0.20737279677562717
41.68763908849335,30.671981611096765,3117259.734807792,3362.645800434457,19464.19732196721,290.1523666737934,52.03761763061187,0.18004935819471773
48.01359276201853,28.99974555694094,3526338.1600332786,2668.3598086254806,13254.224749279028,287.8002030547062,52.023170555995186,0.24065399327824358
38.957802160310116,24.641395067094813,3269403.8644377016,3021.227025664967,17123.793859648784,289.509823313152,52.04844482270702,0.13297879835149565
37.76545200363284,27.884009220117605,3954661.147977093,3146.722537695734,17164.229409360923,288.42050665490405,52.00494813706254,0.32253768010482753
34.4531433677553,31.896290398138426,4661333.587998752,2856.347457257194,15671.932991739004,289.99168752863045,52.04128697508526,0.1603678721323945
37.46097180174662,23.24278738547848,3081641.8485065047,2805.021410885254,15844.913799754831,290.8258909155639,52.08081707383072,-0.01996902292025515
34.24193214922508,23.330280729032506,3693613.491740885,2343.737546949583,16930.358550287823,290.45326871437805,52.01022695707729,0.29746276038601416
39.88765838257268,31.084574964438474,3069665.9399399236,2827.6205389968286,19138.441153529246,290.2990578336767,52.030769868795154,0.21106646889935243
42.199530379125555,31.3321730281122,4521168.67660463,3590.8454043879888,17376.910817270924,289.43693650755193,52.05023780646957,0.11643600830266189
37.49916088352675,35.124612641676336,4548123.124025413,3506.8131634129963,16761.207056153402,290.41755516974126,52.03421865066291,0.19233901197139727
34.059890552073554,24.614188955191615,3479458.1826908654,2775.9812683274813,19489.863046734532,289.9532018715274,52.06449137908694,0.0558755049835886
42.44891113904852,33.07490169660406,4421606.563634326,2977.1955337401955,16862.64087633015,287.96503499345675,52.09413848850272,-0.07729279398331684
47.938905862047626,28.641376804295568,3600138.390553866,3269.9322682452344,18519.1192328729,287.90941296871534,51.98366617402458,0.4159473078656511
37.62445929007171,22.366771741127536,3690737.9237073213,2897.7895165775226,18448.732078678666,289.49029041401565,51.99662801652761,0.36095360705107044
39.830432563972465,27.79061095068947,3593611.902675063,2751.703862209762,15341.18174481379,289.9404167574878,52.03978620045572,0.1609869064425613
39.5775016124685,33.97256033701062,3965352.700835645,3056.0579558811187,16392.501170005362,289.7333966802811,52.00466016039513,0.3166051579450146
39.584305136500966,30.3061419170204,4551232.170032307,2597.7267329155998,15321.010128329375,289.8124905349355,52.026852435574206,0.2293913102896238
33.74458472905225,34.93179573853342,3507546.483862045,2385.794571449236,16622.550836698734,290.2178696993751,51.990451687921315,0.39092993248333313
42.38958694092666,25.919217881725924,5358320.168147935,2611.1744726340776,16012.334710399178,289.9561960415762,52.03196521671676,0.1971350202028626
44.020898244048865,24.16451363278158,3652250.990018711,2128.4884365029284,20550.375232799193,288.6222493071895,52.003361384359685,0.3201664284441614
39.671467180538166,28.69482086111496,3201283.7554551214,2209.213736177917,17155.257792410488,291.10621890926143,52.00564526763469,0.3217461497876249
37.86977264347714,35.92916185487895,4367186.589962153,3063.357521084784,14267.866025242729,291.6654532214319,52.01779743286375,0.2637735989683245
31.310233871699914,27.880845937463693,4589333.087471391,2801.6752851708247,17116.152763809412,288.9493956772541,52.079436912302555,-0.01715204251265058
36.729867707045116,28.11632781704961,4072565.745481815,3279.6757479125085,14832.710133456028,289.0679842564741,52.02387740043728,0.23608332163299256
34.066605199960534,31.10301792384295,4324095.398541537,3025.0118305922833,20905.975023692554,289.1633564789493,52.041261519487094,0.15213254124920467
36.43616734913772,34.44272872357002,4061750.3268243037,2393.545590385177,17314.610818815854,290.4436565282453,52.03175137510841,0.19806445525002833
34.0870294769114,30.60290778296917,4379793.14645257,2805.606745977205,18492.946341740284,290.70828791595534,52.04500533920187,0.1421188169304077
38.37092325618537,31.814083933586637,3871386.0507990667,2630.5853243256192,18503.49358133745,289.97926144570425,52.014879909890645,0.2716891169109236
35.59172987807463,30.830674144209286,5569811.996090478,3436.8148969925974,17257.138455446522,287.82892631634866,52.06012163229196,0.07254268814416516
39.04048577652832,36.90354261449673,4557115.040042567,2766.33721506898,16682.605222459882,288.9716268219012,52.01031283198132,0.30410646813231007
36.39420620649644,36.83279754864153,4407002.113395126,2856.603094607075,15918.33669510167,290.86056065058665,52.07184802262027,0.024609290919637
38.743213153601694,30.41808371530892,3479236.002976821,2767.1620182836,16362.858442954845,290.8804041166411,51.99263757788356,0.369009795901124
39.85871209395254,29.714492066216632,3741014.240588157,2800.7825786172602,14377.721048693207,289.29390868435263,52.03906328513421,0.17461616552532527
38.533584329553236,35.2708298609322,5258992.878843328,2379.1823516855607,18452.806105068794,291.30855306014035,52.063989546585816,0.058802174694961455
44.16243298050959,24.717216629947217,4571239.203853417,2407.143577430057,13641.457376194583,288.92082773912,52.01940310272599,0.2587589169075163
36.85804018876252,33.28010188572041,4043199.8989593424,2485.576998126392,16509.385717336325,290.2127560245374,52.03726866377332,0.16488721461772265
50.32780198884685,33.14467059109825,3799703.699167726,3315.9643663553597,14863.914952179135,292.0389006950142,52.011589447475785,0.30038212144272813
36.08886518434584,33.07552403999135,3264286.564867244,3121.718015116759,15898.48590242332,290.25933286843065,52.04603225154179,0.1411065327368147
43.74614152360739,32.23979479237484,4445717.870683336,2701.091587149829,16719.903737984878,291.4445258001897,52.02329270901548,0.24688587516410126
39.14302754007576,33.930802680845446,4694024.651686718,2428.1003379411845,16729.686807152557,291.2028901725292,51.98401080437587,0.4172807239447233
40.22295213432334,31.362219103062547,3753395.267758565,2976.386207893177,20141.313621922618,288.9449986976781,52.02657496129916,0.23067364366442014
39.93235633652614,30.38820306126462,5133348.300206651,2418.9222500110186,12598.152045691499,289.00822607114014,52.048729264045704,0.12424062562038586
50.006133013398895,29.929678755423023,3393097.2946944674,2903.6361998077336,15502.540809090462,289.3807171266372,52.0581486489765,0.08743804512652566
41.5069267556275,26.336498889894056,4029222.5953187933,2713.243885537135,20833.295333805996,291.42271715679533,51.990781707605265,0.3883640114082945
39.06835048780609,32.302051661298194,3283649.2869192855,2701.906785696631,18988.909057386285,289.53544096266745,51.96039551919511,0.5170580563350449
37.911151518272526,31.711752936974047,2715899.708768973,3112.8159560277954,17012.77782068322,290.152564522347,52.060865505357924,0.07889224915101442
42.88541756358207,38.053364347678475,5157062.685153535,2626.735807957391,14263.134425151455,291.8293861518595,51.98130404278928,0.4355114746804965
35.77996372555675,32.941577190103274,3977421.1307783355,2499.595312456882,17406.461226074436,290.7650511820607,52.03442710207344,0.19160831188673635
40.44174495333565,31.88288566067144,4660331.711648652,3095.6586222058886,17196.026830240844,288.86016686473596,52.07460832986407,0.009998181432977734
36.32955543075085,31.965630915231205,3553379.100215784,2392.626357417815,20273.378570923232,291.2814745020049,52.02321442752941,0.2432483177029929
39.40059903275016,26.6777292543443,4784686.0988254165,2710.511208111975,16887.197122168094,293.2521824885841,52.0118135058673,0.29449054764785654
40.65077537768893,32.37452946946738,3967705.0680021546,2413.722066577724,16043.92878105237,291.5470423398286,52.037860707854385,0.17690814961337675
42.88321174676745,36.734674266634585,5821990.603585362,2588.656236941502,16051.099138588397,290.38581435691015,52.00954482844138,0.3033718133519257
38.983306464721544,25.206439679024715,4062868.3750979374,2371.937085449536,19252.809419451038,289.56563889750254,52.0426684921157,0.1498117565940454
38.13003527205067,34.750791343413724,4365310.327685814,3199.0933967682186,15708.274491143755,292.1944038641083,52.040349593892834,0.15946457895065982
40.178217012151805,32.46634190929198,3906798.1328187753,2999.8362825080135,14684.266274713309,289.24359347051166,52.01147214602474,0.29640506381158005
34.62034540263939,30.188970849822336,4592741.660542144,3054.576745287056,17649.98300777105,291.0347322052263,51.99481226508693,0.35671062816866034
43.94700766185433,32.06094880110954,4226051.369499998,2418.7316463109605,15708.731677338217,290.56608413599014,52.02140456444605,0.2478393534146857
36.27955742051551,28.37570533271622,4699878.078307761,2512.113990291158,23185.08557583419,286.5939919355839,52.04297479724704,0.14987931443116354
46.74142398283134,37.657752594206244,3280471.8009947827,3044.5817784899664,14438.30534639517,290.3770302888605,52.020864123624484,0.25297897683212284
43.425133789943345,30.124018433029114,3376392.205662675,2734.4347146083155,17103.963912319643,288.83002845577477,52.00745660165192,0.3097684506883648
41.28260217258445,30.72829149110422,3694775.855286417,3080.4417837141964,17838.396684295087,291.4470483225418,52.040449550482734,0.16374705277469032
39.95471951641743,31.219299698677858,4294687.914227395,2748.449985707382,14488.248056369268,289.8021460427749,52.02291526876636,0.24108848024338292
42.17246280082855,32.487009590942975,4565721.976014557,2300.1734756579212,17088.768147549243,290.47104954902403,52.05959454533887,0.0764034502554248
41.05283651054607,30.677352015332808,4753448.508579724,2745.3068047458682,16292.798273976323,290.0078724692214,52.047519772891675,0.13359405108119943
40.12504618826454,33.21411819403619,3686667.697897872,2947.2362900412,18072.451741243935,289.66033536430757,52.02019875057282,0.25884309451873727
40.025816324620244,42.53751721175353,3340342.5299723335,2819.951182102207,15637.35439514534,288.82000625184327,52.00723731669533,0.31290913456224867
39.172315280602476,32.267533028166824,5126187.958750429,2691.134312454936,21394.83463461406,291.2739544710488,52.07725684408513,-0.0014726943184419318
40.767777314364885,33.08309915887139,3993072.9230043227,3127.3942092719153,12138.258235116577,289.90787285939075,52.020465255310334,0.25765317045999847
37.06975194816072,32.41384115381383,2701590.1206328706,2662.1534492077544,15553.995182568304,290.6002788996104,52.04683599234506,0.13565832012122936
33.62934962045077,27.595564715509628,3307143.6665472616,3066.10788246313,18162.2937516705,289.2691071151026,52.02826398299343,0.22222362310065566
42.81223891217176,24.889833834936674,3098753.295919173,3049.198603170235,15050.820178205207,289.2221307454687,52.05049158341842,0.12360749311570886
40.68893788101981,31.046160966542626,3405342.4321820843,2966.033467194305,15892.055531234739,290.18451149885294,52.06191376616755,0.06999360203416517
37.5676019269881,27.737781843478064,3270666.8125778907,3294.1314090674905,16415.98581260217,292.89516787049814,52.059719033277894,0.07769091409387023
35.49706918792676,31.141898808654293,3658617.7364734993,2976.242472257325,17629.97213295068,289.6904020736175,52.02534799218061,0.2264747567838733
39.548058394112196,32.85814388681638,4640629.565882404,3054.344143237177,17135.4695228723,289.8303367528582,52.008772774197816,0.30187249663011423
39.956811486212565,32.19801560111248,3476900.3425938995,2899.1307037238744,17528.709092807287,286.6069029469458,52.02518513551865,0.2259063063896182
43.605483123767726,23.405303120944534,4686554.023680128,2899.634268807071,15738.81375168969,290.86260005939084,52.02377645612349,0.2396103867536798
40.96719796986244,29.968336958092188,3956617.067276835,2907.8904571779785,14517.137773454258,290.53430695300455,52.02513519303396,0.23466484501918708
32.87482286735525,29.362846021981383,3465544.910884712,2516.673676470048,18503.46089644814,292.65887089432835,52.06583885126788,0.04965937735876619
38.037297462984704,27.855603905837306,3378663.913588835,3005.107677925979,17463.233353694704,289.47309000443516,52.039246543605714,0.17820536369392923
35.85236056174846,30.485089870664986,4033281.35272855,3153.7225767514215,14419.505938130875,288.63308513361557,52.04404481519408,0.1285787602663321
35.86045601484203,28.448184492280266,3914733.5565923136,3308.11138214017,21807.198308613926,290.95320608981206,52.044233122424494,0.1461293078254399
35.847371285792356,32.22338306205904,3268375.795690776,3225.155589865066,20458.292546279863,291.02209174825606,52.04158022147489,0.16079370487754996
43.16227099437058,28.577536929705552,3685811.7779536005,2688.0845660950254,18530.39348338574,290.0833806851316,51.99559916251557,0.3688706485462047
43.03223139960416,32.67654807216116,2597359.459625848,3144.99602517082,15722.342575159382,290.50627420755654,52.05004465507511,0.11254011611867347
40.28196334624665,25.924739731204973,3494531.27571279,2646.496012129082,16317.748446276606,289.5716071362376,52.01998493315148,0.2606407683680384
36.43938014181114,32.57906789112721,4501827.2433491815,2912.209583443704,15709.298105488559,287.5812614529981,52.0381560247306,0.17219924741054501
34.50783105101838,31.308799063476282,3845949.3630728857,2685.3232431403017,16440.75564433267,290.465201437357,52.05502825981954,0.10978580153011025
40.899497359524354,28.774330085424626,4620422.815374726,2785.58418965776,20351.345924237175,290.50017532882964,52.00706228040495,0.3142266373142275
33.3178256692875,30.573294551498698,3958954.709609953,2990.5978017501557,18682.094843981817,291.2422957942404,51.9999298734789,0.340233176235389
38.904729196022,30.908042756669623,4533565.5826142365,2543.420236355388,15076.556328690625,290.97341082426,51.988634039052236,0.3956516199937031
36.69280457671705,33.09108419404759,3382711.0562504716,2849.546302952221,18763.2725495342,291.8184372442574,52.000878472502684,0.34005350875639495
32.21539140220323,35.63616746398407,4841291.177767595,2821.300110415016,17274.73718780627,290.2993704066527,52.04702452509421,0.13887530384470717
44.34721581374291,26.588485942597025,4919000.588536107,2640.44899446487,17103.52906934417,290.65637410165954,52.00223506598172,0.32758489870572416
47.10694617713148,28.41577910896927,3105529.3494560733,2683.227002187691,17198.182620222964,289.4571871011604,52.060601406902826,0.07122576512574928
31.97763308837544,28.338798362419578,5134162.943201204,2639.3874172081223,17977.1713644613,290.00078936147366,51.996829816853186,0.3606292241482193
42.30095815698509,30.30823668767524,3737616.807616115,3171.744700647033,15906.253893105852,291.29151602586415,51.98924193643272,0.38974963992318706
37.125797842790554,27.054885389074997,3928471.8167782384,2726.0150415239236,22151.048076680625,288.7497280130031,52.06392335552604,0.06465188985283364
41.93623144530976,34.04347254233389,4462172.302550501,2585.4206781840385,17659.09038214242,291.2582996146263,52.05486202320885,0.10031733354463927
37.55870684833599,34.923111243716086,3917103.613286022,2626.868370341238,14991.81518896632,288.55220250971223,52.04571924120448,0.1386539255003662
34.64739013660967,29.499550109432214,2789445.8912350046,2901.4911867187507,15691.32580851309,290.27008974950076,52.05977933340499,0.07718099396726152
38.3493898427374,33.15641563671348,3747260.685695951,2837.090333436393,16690.906958935993,290.4361778251831,52.008934222024436,0.3050274266842809
32.29024143907944,30.63666017380859,5755350.213254493,3014.7273986131154,18130.695856048413,290.6026801663247,51.99112742461577,0.377442503686337
33.55583657154835,32.420591195904166,4341975.159642985,3152.236370590355,17578.159036714722,289.98290788862414,52.014384924594665,0.28294718933141627
40.64518039603204,30.763021481683122,4368533.439595321,2911.5171443175036,18471.74346769049,289.5039992145401,52.05098770545794,0.1243622156551965
38.68784813298588,24.204533960443342,3802692.180629569,2822.3677205295517,16336.496137902794,290.77655640536,52.072698613422155,0.021754391324160446
45.7753171057672,22.600103568579122,3109757.5490137483,3326.118665071703,17090.533547300864,292.14792128950717,52.05362639712916,0.10683952901946675
36.797583761185045,23.570435760367147,3201254.01992633,3100.0533270091287,16643.191793407514,289.8115814621131,52.06092564520355,0.07456154762047915
41.77397029896238,26.62785658026766,4052543.223875437,2552.7603996176194,15370.055621869844,288.33008441041346,52.08738898730695,-0.048450244632327576
45.33797823471766,32.16324288021395,4181109.787726478,2960.949076993137,17967.433602936988,288.67666587035785,52.05488189482248,0.09587215972109449
36.12543279261239,34.666216878059544,3516198.7330346955,2855.703632027752,17237.48102781807,288.32702727376017,52.003465189678714,0.33536869165896616
35.96325471006668,28.714021604421887,5375965.628446793,2582.3355841927987,17201.913145457613,288.83881851614746,52.041287555198856,0.15706481758201793
38.74694731712286,27.869338800863005,2984770.6326495567,2836.4103461174755,17642.720534040436,288.5965996836347,52.03523146576527,0.18616267851336696
42.5753069498792,28.975550206289586,3807270.6443853006,2740.3288854384705,17517.339242585105,290.1469516103042,51.989311192261674,0.3906754339843901
36.69811805207711,33.20056632676026,4416099.924857661,2584.7886489354114,15769.989572500706,289.79838728756215,51.99987918207382,0.34098762890026135
40.486746941532566,26.414866889184093,4260030.270575161,3088.381712798261,15541.645309963378,290.7214041216445,52.054152841541985,0.09940017156403909
40.40911799805613,28.542554990809137,3207615.6947100637,2064.042549454488,17653.790301350014,289.27539445533904,52.04915141015552,0.12721245299019282
37.713943710382345,31.09677102544593,4070389.261422211,3487.9427065085565,18462.55411305441,289.791186345425,52.048219118701404,0.1328003833968546
39.07834168935509,36.442349318939996,4694409.968732409,3260.5162010581416,17065.290463699548,291.36577189045795,52.063162779301194,0.0668166356754095
37.16759952450586,31.59566418367316,3670899.8578095837,2626.4105249540153,17573.489365502814,289.6218622174694,52.022558640523606,0.2489181345975075
39.06095729152666,25.601731316836496,4075372.943396081,2950.787780503278,15625.782378373884,290.6561048916235,52.04941159867117,0.11787330849297356
45.07509688958979,30.896285748217547,3403398.392508871,3019.2903670323776,19562.259014690324,290.8193524373317,51.978684991803675,0.4500189270596225
41.461354961384075,19.533845694990344,2862678.309575258,2868.051933998946,19518.8248958333,291.83248548866464,52.01217833010868,0.2855460051024268
44.894179316844536,32.011179371536585,4756177.64375728,2575.221936820815,14250.254534393302,290.3347983706965,52.061321699644544,0.06645022182631417
40.631617243254055,33.45483370294555,5049046.79019088,2426.0071447072933,13266.921053186275,290.32957955585954,51.99815489528915,0.3546308774712182
42.43634611559062,31.088776405082513,3335350.644188218,2605.2886621969064,16349.570136735549,288.903570460513,52.05125844516023,0.10840169225373136
41.80639361556968,32.522213228623194,4448101.45914638,3273.080847403035,14274.2634858765,289.8515295977754,51.964674786215866,0.5045740584581766
46.13839815520931,22.522439306173972,4515036.804013643,3097.783700455262,16199.798491468451,291.3248557616962,52.033564096408774,0.18902195794009563
41.1520777395829,27.283546910888624,3878021.999954993,2854.765609350899,17076.142801899783,291.5175061892605,52.02224118298853,0.24459087835555698
38.262114619646354,28.08747800614712,4649604.217294669,3184.5671793070937,16439.43576174331,288.4643571134199,52.00161762993213,0.33570727182567134
37.98864242442365,34.001252248401,5172301.604633335,2805.567533440549,16725.057802556803,288.75053566664053,51.98698213729987,0.3989580917024
43.0904752422739,27.831060029081343,3836150.2629713262,2608.5373717949074,15422.86402232092,288.15607197741787,52.03188896454331,0.19794393976295327
35.1745334069912,27.622985552243424,2925144.0942146606,2418.9719976935994,16447.927107552838,288.5415816104245,52.04277923373637,0.15380868375435894
46.08922134653456,22.294203337734924,3999092.7657239414,2622.232966167247,16740.772843227587,290.14419683099425,52.002143059065574,0.3359279606392415
34.44622972620918,28.47788259846769,3663820.647888534,2466.3567515904588,17419.119344463208,289.01487163225397,52.01443214781045,0.282757416251321
38.64259446034367,39.144527121766664,4402361.871382562,2759.214615928123,17368.618298417274,289.2572411657034,52.04170910589467,0.1675961608748406
39.308653782500215,32.519193811571476,4661982.190894584,2601.979828536524,18687.690977161412,287.80163117813487,52.021710994972636,0.25185609948800963
38.59803643875895,29.437726408546908,4503660.332233729,2906.4398004800423,15622.268237503502,289.95674343700205,52.07157352207213,0.02148730738248216
41.36782222517056,23.58234268272346,4739660.31676167,2934.5669717023657,14266.28745185104,290.2738825443028,52.059915263895384,0.07596629820604378
38.70713394089506,28.03860596466811,3466344.9490301483,2549.861781561352,19549.37348805002,290.8209349269347,52.01757330040321,0.2746294018858105
45.57148477690976,30.767218032633572,3040641.6051069186,3451.0572211163244,20015.7323458421,292.02609247484617,52.00602499649668,0.32047490366879083
43.9250700652571,27.66897661699233,3685353.94071958,2140.3357568464503,17319.89792101431,289.9162972104676,52.081597221355146,-0.01925304178937142
30.62159318564292,35.19015434087426,3430527.5725960466,2813.5828373765517,19388.235053590488,290.52478542682434,52.00374664529425,0.3248088674623596
39.59557203602506,30.48802492256056,3733056.7999943155,3278.1372115381096,16689.960864829478,289.89338581486334,52.03806692892668,0.17182698462460608
40.34093823609729,31.759740598992945,4153163.0538879875,3742.108480139867,16210.123761739247,287.912813307571,52.030282644038124,0.20413926342440875
36.78103794963007,30.13343917523398,3530349.6285002683,2751.150117179906,15720.89552308059,288.35098482986115,52.034492638134495,0.19066851653681455
43.390863168790574,31.878232577646163,2537953.4675873346,2746.005537880431,17569.245136578582,288.7995823526251,52.0177942417705,0.2641250353624291
47.16328745223352,27.971667432619338,3585174.2862036945,2668.6227215133295,18189.670108144957,289.65103750687297,52.0469416116845,0.1412366301765555
39.61838035982149,31.191506325901813,4849179.896332661,2994.117083117058,13320.476140758416,288.37512713513325,52.00987945360074,0.29930998535312003
35.80243570938455,22.994912538215495,4748490.7749924455,3083.632851720989,17301.16888868057,287.8901519076025,52.02532527399478,0.2253085371403847
39.687146358923584,28.47812317476979,3346594.414667463,3056.1774484196108,17770.437769134867,290.18655711969075,52.03779418327121,0.17842348399304542
35.27516239118233,28.693257517022452,4089750.8389044707,2380.333231309028,12807.543839617167,290.9431693686936,52.01573571744115,0.2720704582227899
40.48504070545291,37.78736553553502,3348400.4931550906,2740.6782706332783,17067.901893113973,290.09465211743844,52.02608199685665,0.23306176063130107
37.02016236902087,31.750438143249887,3753112.0790268946,2670.499150048779,20990.577190108444,289.31817305086076,52.04710526790541,0.13110972164104373
39.258035844864125,32.581256801147205,3838557.7191809188,2945.206594054631,18645.03950160677,290.6440775641612,52.02001266242387,0.25446342558186347
30.265248177083432,29.953756915777902,2811495.5936260545,3078.8939544094337,17160.742599666642,288.83972379688134,52.06481004923991,0.05904609884831145
39.18328516068012,28.524346578633754,4530315.126266971,3205.147783580508,15631.598595681164,290.57061487238667,52.07003354249096,0.03403497796735286
40.46499285966001,28.64661764152264,4183622.1084575253,2737.842646087395,14990.803753765393,291.6229161953923,52.035317885010016,0.17962014688548616
43.84384306436585,27.771236658697422,3261800.227941306,3182.8645423307853,20434.40475666093,291.7746593383035,52.07803220895938,-0.010916916684685805
43.55722419917639,33.01979508467897,2759690.3067129883,3106.1547700419737,15195.560970647368,292.32352465692423,51.98838509201114,0.3970715627325219
42.26059824910686,28.013969470873054,3748413.437485448,3298.6195961897315,18294.698981730875,290.10980488971586,52.02465517828111,0.23096645785598535
38.152541360951496,30.28391811614101,3672391.2003064924,2982.9538289831808,17420.12384976292,290.742440295159,52.0255799000071,0.22483370882875844
42.00435643234023,29.133537841767726,3152374.4324406306,2976.921467555868,15754.645187447039,288.3157444697201,52.05197126541378,0.11379229298009863
38.25093327873345,27.40686438006133,3643038.4538573707,3175.970073132549,15780.748997059529,290.52682314138957,52.04679043843531,0.13381655084676236
42.595888558580405,35.907603777790406,2523064.9436192284,2370.2954555585534,15533.268696981937,290.33956673596987,52.02191540976097,0.24095307194437565
40.34284127891976,34.62580672738104,5087641.650814064,3021.2942168765785,16223.638549887957,289.68958403663703,52.025837546072076,0.22922306017011024
39.06940625190022,27.092158002116538,2847254.914403252,3441.5214698530417,18582.616590216494,290.353803412023,52.0196313598021,0.2598353724715927
35.402976179738445,26.04187056494425,3668942.1227767603,3067.709534442678,17872.035982583508,288.93817779520873,52.029176146478555,0.21584329574335603
35.109643272760245,30.47270475347725,3882257.2378404117,3034.6815530066483,14370.673164191785,291.66706210428254,52.031188200800045,0.20697831414452333
38.92199426402391,32.217834389417554,3564493.631052078,2666.026738028642,15755.991615546707,288.6453770763415,52.033248055520055,0.19229206284471467
47.249196585174225,31.216078515144535,3977189.6225517606,2944.871113571203,19592.251656119144,290.7109842836252,52.02543541211627,0.2247295447523483
38.638984769931504,31.20987675723054,3319438.5465291776,2311.2061272475557,19239.96715964905,290.1945634906374,52.01630969669355,0.26866956811001097
34.41655139379406,36.34515295766334,3570304.1865921654,3168.9772575513734,21952.42718169579,290.75217066777964,52.03472803179226,0.19171813808619967
38.65180362197667,28.07778754087609,3585483.962246677,2744.70885624249,16599.3683493848,291.085978077237,52.0080270696506,0.3062162398841844
39.82512040523939,28.592789955032146,3178012.0099368915,2870.3227359485986,19604.99140296691,288.1207972960941,52.01502051695772,0.27718966647595356
36.3610651056231,32.29645625351907,2580181.4539121347,2312.6772290935796,17154.350591704955,289.36118678057954,52.03241393428439,0.1986905400131027
42.16447566328218,31.394728306535978,3499103.0381630207,2916.313515993605,15621.119551054238,289.6620092610773,51.98203154388973,0.4258409344251821
37.70425591327552,30.893491326020563,3685026.0341531453,2772.299737360063,14315.38669278881,287.8296512626466,52.02939054517296,0.20897628012946265
40.65568056298393,27.66868720637484,3124265.9880498326,2896.6819378165405,13768.214159152467,290.3477091446115,52.05441644813906,0.1030462210595454
38.93579253555617,25.529934886478518,4939849.868776163,2583.226872525322,17401.383993434752,291.0743234536323,52.02098358416979,0.24891499912437076
35.87228641371018,32.20048676100243,4174227.0435965094,2547.7189954529154,18101.139850462543,289.1353330336665,52.025236339862005,0.23092866132554815
40.09910699263771,23.92954176471013,4103605.543155621,2757.8669608512596,16625.956750395184,290.9927975664272,52.05248570901121,0.11663155444200789
36.284983668586925,29.442829473531436,4461289.660591999,3050.195938933462,12228.790659583276,290.9700772358602,52.06436773316752,0.059487406858250394
42.68092493299064,33.48800446977187,3597967.682953075,2634.266143449138,16809.370989042174,289.2121785822082,51.994402025436955,0.3674680296856376
35.50707782426651,38.66838258910042,2946510.584526683,3053.1918244908875,17996.96888517782,290.8225464914969,52.060952910686346,0.0654450553325583
39.73865076075526,27.230302482305145,3912260.295607255,3310.9024330052675,17909.64572017947,290.43922004977827,52.0527935801478,0.10770563863743988
42.654345587602386,32.140796765366304,3650545.562778155,3067.6506474376542,18228.14008775568,293.04505845938877,52.04428618611052,0.14924253055451656
32.560903710994644,30.062922623951064,5470798.240606182,2594.743458395992,17628.809258021334,289.9365807373443,52.01083523416641,0.29411131623896647
49.34103081443486,30.206497469469564,2964076.809239302,3108.6153452073904,16957.92689832342,290.6908975462415,52.05495824102715,0.10043568628814574
36.547107175306365,30.71280651095234,3982293.3414365114,2413.9628192581185,17653.87210752267,289.41594364270435,52.052256905349765,0.1223446782850602
39.31282471282767,22.450429447228252,5340683.955053303,2843.9868096175824,14618.20111272828,288.26919186511475,52.01948588482815,0.2634255672276397
46.226726652244295,29.667915430145577,4404456.570705073,2762.2291431148615,16574.726385305552,288.5169188228895,52.01395313748476,0.2787315384886198
40.98397176056008,28.327171268231485,4411429.115182739,2799.542658516243,19350.681882911715,291.07401198055584,52.0201247127066,0.24975002481467298
41.41441603150416,27.833043700302056,4773249.300645303,2769.4527297832446,14633.23123506532,291.6739015009867,52.03684803699236,0.1681383990193115
45.27617786746412,31.37417211511346,3582330.8421574305,3047.9330384455116,15690.503927645676,292.66880992162436,52.01748591050098,0.26320574211966263
39.014541887574055,22.777260677477614,3270308.3665107274,2370.0537085998562,17092.6785710404,291.0926219755066,52.08820315105114,-0.05162325323927955
29.544663874210965,31.65763615184521,4483439.553729086,1935.0843251585914,18431.088083505158,289.54859662646265,52.00046853995812,0.34414210108779
42.0592018720401,27.714658099185588,4653464.107662254,3133.826719918495,17053.98277599917,288.94676066388723,52.02393364547495,0.23541981038397194
38.31907754170712,28.71996092013492,3442459.9845130425,2350.4454778400504,13829.52539823133,290.4018446081177,52.0202403109143,0.25384755106558426
36.958627406823155,21.85611991684198,4361583.53630273,3315.971222522126,15272.983272464237,289.6799791463406,52.04798112067775,0.12728109601163248
38.676856650418515,23.772535236352734,2186853.509761255,3131.418756919989,15886.693957501606,290.32398910544083,52.05370415085956,0.09773139356187609
35.81881359399657,25.050753704513152,3620642.641562949,2711.4282773816026,13775.56667761663,290.1559614103897,51.990888996094036,0.3803127042890291
35.61924717418115,23.565791824003185,4384821.213727466,2710.114849578382,17104.358173672736,292.06252882573966,52.01784147391952,0.25831476598909764
39.29894719431476,30.009215321513086,4947796.553016699,3279.032930383663,14597.104179179709,292.594372810497,51.99390512213182,0.3637928985612665
40.394324718559545,22.792432983453136,3294225.0546338796,2817.3687024189053,18250.826432835383,287.59135023157233,52.00968675789896,0.29215729540673396
37.87698246152227,31.727264993004827,4664931.54970037,2773.8705163122427,16048.730446729774,288.2141250232252,52.034603305404545,0.1892414240458615
47.7157578021334,33.533571982722556,3979572.313453281,2985.77056378439,16384.342040655043,291.27457949579,52.0602557260562,0.07828658075801807
41.94024206619375,33.563452571946,3879112.4514610353,2884.131877157239,14244.77143510702,289.61641219023863,51.99080016169436,0.37847207302192953
35.115847155475954,28.143369488272846,3842649.156869767,3167.509606115799,19136.21000578235,292.8546261498647,52.02126442313617,0.24979212330479914
42.59661710155386,30.318892961361467,2464498.7639174866,2683.6543632253624,14681.888825245114,290.1321878689463,52.01356510560229,0.28645920360403687
48.00335009415305,27.320079562770186,3834833.105447758,3388.8619270778577,18084.739562205854,289.96596371091516,52.05727501939224,0.08758038409012876
34.82664350827884,27.329677099687732,3345372.506001548,2294.626772309425,17191.690770992136,292.7451435220617,51.97210935853318,0.46729322680202967
38.88822774355434,30.316844144320658,3099014.4577574697,2631.8680463144974,15986.641550350243,290.80327435002386,52.02743927290563,0.21876571712800022
39.00715772786783,32.12065674309736,4348625.681783891,2698.026405938818,16086.25544174677,290.45708062224145,52.03701769210731,0.17705018696928854
45.34870990604978,24.36473596206516,2750436.095985879,2611.668730863099,17123.58297495071,292.66088333710223,52.07111126963806,0.029530521332569358
43.345217456496954,36.19203724966806,4921900.154026839,2941.161876113653,18551.916026599945,288.3715235858665,52.02791942557644,0.2192821568958759
41.931389481395286,28.663188560162403,3941833.2782064197,3012.3252945611584,17477.958447897556,289.2053530123567,52.04661213466436,0.13996802806145264
47.417511837364515,31.215943078323935,2852652.9695110074,2884.172435341764,20051.432717920656,287.99410601636094,52.00830989192751,0.3089530656828682
37.2478636602545,29.37988121372469,3941858.4195039794,3114.356040282936,19485.916258370395,290.43326059464806,52.046270365161554,0.13658697702558942
37.37488380791721,26.44390482558285,3646692.9884270635,2847.8733663151493,17961.628463541238,292.2369760908901,52.04102128879623,0.15584785854106578
49.98753981512962,28.650309357739562,4058141.6461694976,3132.51128870306,14422.07134674312,289.540513112941,52.01846360703409,0.26451714131146714
36.64656180533357,31.31804031755684,4893058.021099911,3481.2356683993235,18444.0250605046,289.67416317451534,52.03947985029645,0.16160330851145352
44.5218150805018,28.971285622148017,4583055.598549728,3085.6558053320678,20221.173640035842,289.03476129220405,52.064434254357366,0.061843634499960845
37.98459086614314,33.99784871389242,3788495.380618573,3234.7972121474977,14604.83236741463,288.5808994251003,52.03906667907164,0.1711334373801335
34.86901050571757,30.88577691240532,4082825.828290312,2713.030459067508,15439.698175043215,288.7359746773352,52.022872435305665,0.24066729799280712
38.39441979536044,27.09329205214751,3828814.457603297,2538.4734301413405,16599.007715107567,292.57151468175186,52.015310239933726,0.2766380329354656
41.27769149349661,31.358194523071266,3707420.2324173534,2825.8060077409177,17056.829303502363,290.5182207489649,52.03044326005218,0.20838611303164886
35.731224774344376,28.134702299895,4935648.196473275,2789.691710959941,15999.482022241975,290.8596828401075,51.983218216184014,0.41621081499621704
34.309946719635704,26.22314357412795,6071332.005468703,2665.4594076897492,15670.177814146156,290.18553677841453,52.05055704299826,0.12020856411386129
45.900782725610966,22.627285243901774,4367642.145222671,2612.053652227826,17232.82612944722,292.8962402228543,52.01407570056224,0.2832041665403655
39.91092844224062,35.03176283889931,3167196.2342651947,3069.426624597752,19972.083547602746,289.57651851579584,52.029581709814934,0.21478290563911379
42.611248864294254,27.49414773233161,3312848.173009428,3214.4582125552283,17545.176168609305,288.3377493056989,52.04133455141666,0.16217762055680227
46.08078777497053,36.14898539844999,3910205.4111061343,2748.465436144848,14527.959569216628,290.58248036239934,52.0201555374008,0.2583346044918657
44.205997168407926,26.804646468887544,3893249.1289519905,2946.2663646721603,16782.100535131754,291.2718534072375,52.03270342661229,0.19769565630432773
34.62354123252799,24.139063843828332,4246539.68723782,2944.795083265411,15468.162419495453,289.151098049477,52.02136041916408,0.25830188412760113
37.276719828158036,29.810605918773724,3584530.2391982614,3090.3333431929536,16143.409530868275,288.70688316994483,52.06357896269627,0.05559890111211779
38.485605950524516,25.852420083165498,3796663.0961513794,2667.148573099574,14920.906428943705,288.44354957328517,52.03043986591825,0.2028110770488462
39.216159021099244,29.604870751129702,3255801.763838169,2950.3425165560648,18799.381540817194,290.2041737942214,52.04218587664713,0.14694714803634465
51.6789871093967,28.072483876014715,3571014.787498467,2362.8063584436477,16331.079880935426,290.88509653504633,52.068685781643886,0.03993181367173168
52.59366112289482,27.87488849551179,2722386.8647989356,2709.8405910000397,14533.511426709969,288.1608644716155,52.04468885972502,0.13303567193627655
46.87231248474719,31.07691931021612,4026449.736308896,3053.223982638588,18094.63512913513,287.4843448024115,52.04264555513517,0.14229868697864376
39.68720482414495,29.131914927036224,2814423.7976734745,2475.520250354728,16543.878192724405,290.17487194481646,52.031164475752526,0.20143529448908234
36.889392408974224,25.934731310643592,4660123.082429888,2671.2899491568705,18634.915271835405,290.8082230787754,52.0108223975317,0.2945468614501266
32.91586077540346,30.73242370648139,4392352.478859192,2506.905912004867,17714.074325383892,289.45478261189857,52.03666177761696,0.18635833896214518
45.57510997057576,33.27578545864122,3653503.419518216,2970.3851383944434,19699.87755337915,289.3553999459979,52.02500108341777,0.22924618206636715
35.15152297616425,29.496518336313258,4196950.734606873,2927.59310766815,15827.224584806067,290.5684809354176,52.06281064336533,0.062106113796879955
36.40792523607255,26.227863880841433,5253024.977695777,3203.5119483711587,19314.56003230568,290.29437130686,51.996939636805635,0.35786111048119357
34.874521470307926,33.65040745635579,4248694.218321178,3055.03342039694,17712.689649751537,292.21853283473547,51.976896718804134,0.45131255366483797
39.76310141421814,26.45618339066967,4326459.137986486,2701.94237117906,19006.02453106789,291.0492614250712,52.005632165459595,0.3187027844551342
42.536288886601994,27.5821471519858,3516183.6492256518,3689.178287583445,14067.434738277823,288.74829358618496,52.00019583248467,0.3420169128657221
43.87047568759309,27.969287014491258,3880877.016798749,2571.6095969316857,14768.328203585817,290.89757146698804,52.036424275618074,0.18164030740911907
45.257325508646176,31.13888008101778,3749066.098118418,3244.3831140712755,21250.678920680646,290.8568586741805,52.076128276069426,0.002151864413984365
41.71092699800613,26.320025373889685,3651422.414072142,3123.801890971277,17690.11948297907,290.12717990406065,52.01109192532435,0.2887221130352917
37.9671791658393,29.188072033717148,3714733.1409006235,2532.6221763142576,19092.871987229802,289.5066504420993,52.040742274808494,0.1553305362542132
37.44952936151788,33.462263032467426,3830745.823066709,3123.866405164147,21362.326928449216,291.6584175517287,52.049217122266036,0.12567098636207955
37.85495388350408,27.66587058226681,3929964.208851959,2961.8854359339675,16479.659270089738,290.68350810646604,52.04552774615174,0.149259442313764
42.462998538982696,27.029222389110178,5097040.612003561,3062.792143224961,22273.189317079796,289.36496536320055,52.0290694272542,0.22331057964186363
39.34025733541575,28.48809544579521,3837736.8437693,2994.621124858074,16410.653739377194,292.463186822025,51.99639486689714,0.35610141283111507
35.64882846363432,29.692620024965997,3621978.974417479,2532.3289467575714,16111.238613502353,289.86686063406694,52.01548896694153,0.2776030121102012
31.30754370228066,30.076142878126113,4094317.282261907,3445.809496099393,14235.615368402736,290.66366304417994,52.04448965948802,0.14221418700559685
42.041582297870306,23.52025866057469,2871434.434768056,2809.1478127313644,16935.184109804544,290.6997410377505,52.02684221352264,0.23079754900311478
33.91773807120874,31.804061664440265,3166113.355559549,3052.9814920612866,17347.328420628473,289.926329463429,52.03932173996272,0.16548557783303666
39.78560162515653,32.683571911349894,4345378.839069419,2525.4248229885284,17452.4382443824,290.45280763109304,52.01910427218472,0.25675404223748793
40.10995055313513,29.111705572345986,4506269.07077387,3256.142643008376,18556.346312175516,291.5034286463893,51.99816673298954,0.3384776132988928
43.238852103146264,33.26211070605786,3768527.046932823,3275.0247501651297,14066.28033584954,289.82058735125173,52.01717936367491,0.26796720731804374
40.7737479203057,24.066059988909997,3096345.640265368,2456.582783510254,17316.29202326942,351.12834895460646,52.07151423232369,0.15383868114522542
38.94501854501102,30.885200783438087,4634634.975653799,2566.232824600523,16117.93738797189,291.16997414655503,52.02304353699184,0.24658411594883625
36.38068212495874,33.170012624298934,3923887.8438015142,2939.771196592636,14923.704709785077,290.0570712661566,52.0184164943421,0.2648300604080247
34.46207192124795,33.57060290029991,3872245.9490621192,3128.8297014063523,17594.751033721648,289.38532972761607,51.995780368949546,0.3590546595499497
40.186947855341415,31.24378286711913,3984402.2306970055,2724.8747905143305,15808.287673072797,291.3100370106288,52.01122311617817,0.29089795244788547
44.10702996340148,31.76606649395578,3353634.167645459,2958.5993977805556,18619.29650172154,289.6363888963194,52.05611527609451,0.09059130845396678
39.55451179317503,29.672797234305143,3482536.9655062067,2736.547901614269,14877.660311895444,289.56866193703337,52.07015716040647,0.03185668109722668
36.067963678090535,25.76666001904981,3784529.3706143927,3195.2535149990254,20106.504290071338,289.3036089310921,52.082544592752626,-0.022974250559287077
38.65917903923834,35.29454257089911,3869595.7250903226,2752.686114461126,16510.923802965284,291.6844495327887,52.067495371084746,0.050973811772485146
42.348644775025925,30.576556109714847,4310826.293247871,2769.2586474044606,12417.460824173373,289.7047739636025,52.00294192593739,0.330010105744814
36.16042727538326,28.02794996961936,3967414.0801701965,2373.4153685132273,20045.635059877048,290.1368536874498,51.97959454840772,0.4319025175599155
41.575591171552674,30.760054061879615,5154686.934097118,2506.065741521785,19208.401533599736,288.1616697484952,52.039122681357554,0.17178898496390096
41.32045079338616,30.019477514811722,3698608.7466586367,2738.1592673128034,15705.604693105555,290.2290039678467,52.00197403678097,0.3285876094669179
41.559043977961096,27.931752800349813,3941229.0199897983,2681.4771010793897,16317.381591443758,289.77665003395805,51.97778952639454,0.44012986078125765
39.90052645075908,27.163627406487056,3228823.963353767,2282.2329808006157,17598.524875339408,290.33686424561836,52.078543623671294,-0.00687142457150974
41.997041178118515,27.233696540702134,4165181.5778578995,3106.2638605465304,16163.07546096913,289.59942929929406,52.01174089567282,0.2957866479719662
41.8098025709536,27.706245882686787,3322106.1993402923,2745.1462075265254,14165.016624226793,290.64863808176176,52.03105775092526,0.2070671257923302
34.773015630055674,33.349434738141454,3958356.3382890704,2577.829767640472,18393.65126244703,290.4338111646056,51.98690900715565,0.39822195501930896
46.5732256522352,30.46359111828668,3326962.3167068837,3395.457267814472,16441.461148707716,290.7027779803348,52.06822374197639,0.03394441173706588
37.2705202439647,35.74113035338516,5014958.369310426,2561.8880534245804,16077.600037224263,288.3596856479379,52.01355026769922,0.28837330948230316
38.263934814142495,29.91337327784904,3585497.4023966873,3195.0239793150104,17176.957447270575,288.2091796797107,51.98056719140878,0.42995676689544404
43.22289664191568,27.423299383693806,3679729.7460052357,2727.3211117085775,17488.452855645734,290.3389644577923,52.00740707344621,0.31259196786263393
50.779426070388034,29.443279732137558,3351588.482003423,2636.5586631460274,12600.02590793504,291.2980994443301,52.034360145778194,0.18301542997077258
39.08784028989628,29.04385704248146,4815580.960336115,2831.2081221676904,17813.58355298047,290.54271080523284,51.99395213483702,0.3704456343112708
43.89419887355897,21.57516098471625,4445791.917694099,2547.0760144043634,17898.62853451867,288.18861601915063,52.01565584354889,0.2679267850548479
44.9523456935986,29.02247148139407,4840968.14735504,3520.735169819811,18295.5849764768,288.45190515968,52.060077914427254,0.080155711852888
40.12834489992133,27.488944985911573,3020979.07866333,2829.668937353798,18550.58788449152,287.94378623478593,52.03237181539878,0.19462461611695808
40.2053707707702,34.40625858478965,4354522.724396188,2873.9813865558713,18149.762581891628,289.00917214531654,52.04424114426741,0.14434437975562583
38.70418081909114,30.649116102872867,4412607.485480597,3049.533750783137,16654.427030239625,287.7773445489189,52.04918255061967,0.12006748198693616
39.35508778905961,28.409706784305584,4842626.730868051,2908.1757402769026,15659.160600364412,287.1765431166951,52.01776113329518,0.2593871524738907
39.69056830647875,27.44761182543716,3244652.8976046755,2690.0020879236154,16460.72119270183,289.4675881252834,52.02055344371445,0.24724487349165208
39.21874056178021,32.44310127357679,3385752.5288666547,3462.0289055147036,14154.287152739082,289.81886439581814,52.014705459598176,0.28213197826958125
48.79976326394822,23.39166893504296,4397246.340315299,3367.401640731842,13705.102635055153,289.34465325816683,51.98781270518528,0.403031392132181
35.375622210606366,34.071617599083766,4002520.329818091,3453.775628325852,15335.275023435306,292.64040231749686,52.049510563323054,0.12164303582706569
39.54068809397827,34.22118601559158,4362916.226713794,2555.911240722866,13907.793920697033,290.67198949429843,52.02882889893033,0.2110391075707773
40.48099299592762,29.797681046095537,4241477.158753641,2540.140010933607,16909.955004477608,289.6928390763886,51.99398872209121,0.3679167893612048
38.349203916440175,30.61435943136516,3951421.3857554393,3141.1427368806367,17642.630499849518,290.85482440627334,51.98679304090571,0.39607373531606055
46.43525325280537,31.767730252634674,5179886.642111046,3154.811143914338,18259.513306415127,290.4281659214693,52.084901156866394,-0.037297086827456166
37.071517393243504,36.06495630360145,3816239.0006077616,3376.6217319153025,14566.52109463209,294.0541117565844,52.06964357684831,0.024400430331800706
46.45771609621737,23.96891932153402,2663402.3095620377,4356.611860890734,19331.285996981776,288.44274663442536,51.97580119710657,0.44434721994403137
43.48245208843948,29.676671497398594,4083035.1743851933,2545.6994736813926,17274.953895528244,290.53987336077773,52.05576406684658,0.09513680252733411
34.31253275089569,34.19235304307166,2622310.624685473,2928.53223288712,18659.783708072155,289.5615241918662,52.00050114252799,0.33453451778355425
39.664330516885634,32.33834549673148,3404414.2942718538,2812.9545002117193,18743.83339457229,289.38275881439654,52.05046150954224,0.11619602772918056
46.216217204286046,29.163226673822727,4962453.411107338,2691.383132860271,18337.907921070342,288.5021053166555,52.02505185772603,0.23276406016675052
39.152916425697164,28.78906509709848,3840846.8299189853,2437.69890326528,18459.239470426353,290.1507252999386,52.04674303281426,0.1388213572591636
33.735316013453755,26.788580146406968,3999094.512520727,2864.0598310647174,21651.64458665507,288.7509194461763,52.013849058458206,0.2791320934455223
46.500932665908856,27.372223706216587,3313844.852593881,3219.1456083465373,19456.09855566537,290.2428312891374,52.021583731964334,0.23886815301108025
37.37276220925769,28.967313624880312,4282540.162516366,3034.0269285523646,15562.1973145622,290.4873799173563,52.0200986874214,0.2511229414701947
37.821705509472345,36.5749047419984,4672164.40066228,2652.2951017227624,17664.503402427887,291.57931528797184,51.99461186765127,0.36005811419310146
42.11100421060357,35.185820971444585,4351826.065994062,3059.6730354631745,19069.81201540158,289.52828885924157,52.03949484323293,0.16912712161992224
46.165736529240924,22.94732041235877,4739362.757259519,2660.9436931621185,15307.79585772353,292.51743365665095,52.06151309940989,0.06961633655001614
39.2195509756539,31.545898911963906,4119575.496464824,3055.8888330330924,18389.862576668856,288.7070115774954,52.01329297947955,0.2862333915293077
40.63072910514008,34.16851483308536,3214744.2541416483,2560.722685629204,16639.166694480828,289.3404684937789,52.03214611367734,0.20226007745993635
39.205563448093145,33.14305795727266,4769858.222951796,2671.473592893072,13613.209571043304,290.2487769943204,52.013977978050754,0.27945638854956806
34.294260405949814,25.737170827579472,4189417.3555053086,2861.360056698269,15151.955364256559,290.04974771630236,52.022934056475776,0.24555465012197245
43.49932781948439,28.19209728217748,3753741.7640889543,3003.472404139353,14836.363182397463,288.84242564265327,52.05048064792017,0.10923036961104578
37.433807189190276,21.673256936538213,4198962.269592016,3236.1531036070023,17237.133976856163,290.04840310371264,52.074051930486945,0.01590839016950767
42.41549359549368,28.576097534154616,2722120.239665651,3000.4003148855613,15498.712484570759,288.6501978407747,52.05808005286418,0.08587670384076831
37.28920334286056,33.45250742715616,3187876.6591318473,3246.0458339080824,19376.432468659495,288.8953331098247,52.00984136815268,0.30424545722128127
42.35469184066925,29.968752531647652,4692741.013356845,3010.802779441712,22866.68049686994,288.6748676251308,52.030634691888864,0.20329133972923386
42.84384369029702,31.462074460021668,4053065.9137756834,2508.5908991326787,18788.141463962907,288.29154208791647,52.00907553806269,0.3017410010211367
37.71801347944787,29.68730911544605,3936301.0383695723,2783.434351631679,14885.785089144592,291.7584593032264,52.07167960884934,0.021840198682211147
50.847870875496916,29.962491359334795,4226472.222422969,3125.6497578358135,16301.232098186358,290.4697062664522,52.02411136176545,0.23678545669156548
43.262110929668204,35.698421973424516,3529261.562590271,3265.019480400634,18133.3618838265,288.6207378220727,52.06767162493379,0.032747305662464095
40.66403920557539,31.48175855611175,4523960.4895948,2716.2308087806396,16849.23049761431,289.33760029277283,52.03346069223097,0.19784715208692322
39.76139971373549,36.978036078957324,4643948.958774252,2938.298923103035,17993.377084404216,291.3692846200226,52.05490888555496,0.10054765862110028
32.97936437096931,28.080867921473914,5439574.874962449,3355.6963096876316,13765.759081481767,290.5498450244513,52.07473366031955,0.016791045955693917
45.613367679177514,27.653960736724244,3535344.5728571573,3144.9607527247194,18509.50188946729,289.6085972816142,52.02025292666262,0.2504207400913275
35.509418557745555,33.71617968005936,3914634.7903486528,2978.2753471879255,18346.293439690748,289.30782422055427,52.08802538977953,-0.05563271893056378
39.132521168902926,27.441847923793272,3784760.623727153,3076.5855782094072,14031.208259128394,289.82482496431174,52.00854505740356,0.3101190565257354
40.544053018524345,29.804919715325504,3172630.9659782555,2423.9630550248394,17459.25725853435,288.9388720935716,52.044895368101834,0.14323762810081633
37.040279425809366,30.541632222765905,3967914.6892999117,2900.042049534903,20486.35477615755,288.94799723277885,52.0098701038782,0.3020520120093719
36.72571434427341,28.44536147500661,4265160.527489658,3525.210017337032,19066.937967469017,292.2817632084109,51.99505596275317,0.35975764336108107
37.76281103243728,33.14338180444574,4944073.357196006,3285.7241280197254,17809.19121415661,289.70294488636205,52.02562439105515,0.22829449358151413
42.40786491747713,24.49680709925582,4063988.5547394934,2927.441758531256,15254.882611624435,289.5055323823038,52.044237115674676,0.14218786604811853
37.439970442691326,32.41636493401953,4014310.492342375,2494.5735642195455,14761.045015220476,288.3713682849748,52.04173176436826,0.1591237735054414
38.75422861885681,26.645671175887962,3371983.177263668,2988.475662574464,19641.74358756214,290.43908656014423,51.98254799315248,0.42644203463359154
40.10594369076845,31.008765568194892,2904067.7613535384,2619.8610176926877,12963.566949741424,290.96543190261707,52.02540433507649,0.22939586662648487
40.588987480470166,29.444228641522443,3175350.9525562925,2796.769491215243,18147.8208870951,290.50389999950494,52.027846655872494,0.21997181322737006
38.480495450535955,28.519696699814073,3594603.9016298647,2419.6034192566535,19690.55367955552,292.46197322861946,52.062910243991034,0.062090602679563935
35.51186266899527,29.50633085103329,3618917.104873916,2580.684840533652,18871.56492841368,289.6082687474723,52.00628378204206,0.31478250748025915
43.03028498618045,27.915787436637213,4394536.289790234,3204.155155312499,13285.411034630657,290.42316783243785,52.03793194147448,0.1759985894165158
36.18126645550358,29.488665208083876,3261363.1222281614,2528.878317677752,17618.651335992028,291.1254721012161,52.01210541981893,0.2787645129308006
45.78512698630509,31.961322533913563,3575195.0895315767,2957.7491712778537,17813.92718838541,291.297866422557,52.01938899926775,0.25667020681835895
37.23721418389677,33.128846407491466,2896871.193886646,2492.1133996069752,15166.223037250596,289.9168306091351,52.01003995717362,0.29801604440206797
36.794546421179625,27.65161111034101,4331913.561249223,2482.2839606887055,16437.729360913207,290.0946059934391,52.01705053917872,0.26407526773002427
39.46897467014073,35.47147321756869,4040734.2616616734,3198.6386208724225,18549.305602376546,289.6249295047356,51.987436005299635,0.39987142695044947
39.05639379638119,31.4747864114112,4223524.655126878,2690.721169006861,13527.76560047078,288.72618741709516,52.04451299875373,0.1517731774052282
38.87236799445395,33.266832470606374,3957745.7361735045,3309.3720223673363,15499.936441330017,291.40582717670117,52.024213683678916,0.23492163886888015
32.8669596738247,31.310669934507597,4861594.777574857,2753.5901994326946,15807.895911849806,290.81711093379334,52.025491834857014,0.2253276007728097
39.44435226843553,28.95895418016859,3120749.161178554,2341.7630159493897,15454.017030899373,288.9031712149916,52.02685046551185,0.2232913786597984
41.242652569383225,31.82406873274992,4411812.8602783,3025.6247486304064,15333.295491474179,288.32432874347967,52.02482701127319,0.23229415130920486
34.603372522932986,25.741988609312205,4255736.100160773,3318.870464623223,19214.30417980427,291.3424966898861,51.9972308794328,0.3542767026036101
36.79838076575489,27.936356714083605,3496327.6811112002,2729.736520101828,16278.494628586028,289.64487661567836,52.056039020235005,0.09203044584371577
40.47088915933376,31.7495761957928,4359258.5247223945,2528.2339826694288,14742.019300188209,289.4039161084805,52.01245377190741,0.2839004917374749
36.08464331346744,32.375695718023536,2808331.9996213466,2255.8085434119316,18456.192277226288,288.6358757843089,51.991405556660936,0.38504720397741526
36.127571053297025,29.772630616459132,4146586.360072817,2821.2589682167077,15555.443699929305,291.56695936568184,51.98505222262397,0.40718793850304674
33.23874871471899,26.795188779521112,5003148.251495021,3469.687376986454,19166.099208028852,289.89368488231355,51.99798242506334,0.3483159206425378
36.88254638920318,34.58729886110002,3040024.059301907,2725.1434296604266,16860.011764597617,290.13672476352855,52.036733113585065,0.18702246862002728
44.017855934316394,27.95391821059301,2389763.6485217884,2657.8832550089533,17978.393863198533,290.41695013781407,52.01026530632792,0.2967687464219672
46.26030860483431,33.162298729586034,3398532.452487135,3189.1901746164544,18172.52579666615,290.71804691679756,52.068333882423616,0.0557080531283238
35.65640972993962,29.992890426655926,3697739.1933182,2984.499299474376,20009.381385186316,290.4159391969949,52.00380258680646,0.3243635369730649
41.76897792927309,31.399990480533347,3143570.0013136873,3126.0052151963273,16515.320784374675,289.47977777596645,51.97992290617656,0.42297009457312285
35.32927952636623,36.25438580017024,5279781.992325659,2911.3170129749524,18468.114912353856,291.4940375303992,52.011812558084536,0.28295023297749594
32.66206670645325,29.366015802206892,5364341.473284675,3640.1696086919487,17563.33850341138,291.696110240447,52.04664354057465,0.13545407914812851
44.44648669647756,25.315454514929677,4367085.574174746,2280.251184547907,16591.417369292973,290.26942066295004,52.00273410684131,0.33261163087239143
37.52556797870065,37.69629753673728,3714573.7227703175,2804.708464058924,15256.561530956127,291.2785924134264,52.017145482415806,0.2657370984969404
39.25844503377213,34.69755163171519,4535570.532906486,2606.448747912282,16817.632726884585,291.47489344440226,52.046560977698896,0.12923997723152317
44.02732938051356,35.07305555304631,4588925.214544444,2979.4747924834696,15911.94447343988,290.38081679859255,52.06233228131604,0.07174334569881179
42.010505511228395,27.290989464748876,3302352.6318497444,2441.331535926873,14223.72993813251,291.81262116179425,52.03026140680247,0.20422955826403882
38.44028776529612,34.26374888059925,4374533.654899583,2091.6492818157194,18516.036389937424,290.0945616484155,52.001430592405576,0.33597339225836187
39.11268821806624,28.097558274827662,4576861.051658093,3021.8453682106724,20346.05707084205,288.8854892079279,52.03043052027312,0.20872790942078773
36.93166757206468,36.40884924179427,4775654.899983839,2876.861742951336,15411.054529272054,289.82466893425834,52.030785592084825,0.20146644275706707
37.024968230319665,25.253917919519505,4106548.8764749537,2753.8568024159354,18199.210669358054,288.84109097021866,52.03439117077244,0.187733244419507
39.28893153471886,25.82638699879614,4569367.336640376,2810.370814056979,17656.61093088036,290.1200308714894,52.03859831208764,0.17206761283408978
44.20454615057823,32.472986537001134,4437676.727380121,2985.5483897916156,16215.430235926593,290.07042137210976,52.01080396966671,0.28891967513396094
38.69041070424886,26.581224503197465,3806674.6821477558,2848.4522071785887,16422.364012022954,290.47110746011396,52.039279682569024,0.16412496733468257
40.5834369387111,33.1465708071743,3605080.007298889,2789.735285766453,17311.594317941082,291.81661428915663,52.05701287790052,0.0902177325767015
47.27943953349112,28.0037456587293,4668481.589935667,3076.8527330793668,18177.971314368315,291.5607185003638,52.00419056450039,0.3246728524418354
40.96451374551736,23.773628943796727,4119104.503418693,3244.880878605497,15127.316515289374,288.6709254225085,52.07423834446527,0.010437885942606348
40.240354546853595,37.108659957711446,4319838.148779117,2937.258287401946,14449.521051228254,286.9798767548552,52.07550898203192,0.008383704824852182
38.23628135500036,29.161499028411512,3583972.327940713,2821.3848588097258,21660.87004750315,286.69583953777925,52.0297029710654,0.21735000537736035
39.25353362265259,26.314921467347087,3177378.0395816416,2304.864621833695,15689.272437652273,289.60000233530934,51.98749709983579,0.3990989319762923
47.064706728891906,35.193016925327086,3168881.217380521,3268.8763281430106,20573.833666571627,290.14925885611615,52.01604875711224,0.2676149695997924
36.43083533334577,32.52569897158061,4708852.558837517,2878.4239725976054,17659.56049578921,289.3393999793312,52.00938388725508,0.3055121847423919
43.154599056762166,27.527577494444067,5143602.627469876,3090.6836305009715,20507.96758055425,289.64194008567813,51.999599390435975,0.34635712254414924
43.02505552259213,30.70611231502937,4411045.504437753,2531.3247396449,16281.876908047065,290.3855948148601,52.0150361994726,0.27847887083339207
34.43356316489948,36.49567800381166,3616729.7547679124,3161.992088754326,19548.541027172465,290.8241057653701,52.02802559284872,0.22277571774837598
38.99886568545905,31.07000376123513,3670985.1190306614,2407.0381203017514,14035.452556574714,291.3056999976572,52.04081507735672,0.16521217108755343
50.40775298734354,31.266666899987996,5052463.451612222,2594.557852048417,17109.904150829458,288.7995290661368,52.068110807142375,0.04514708623382276
39.72923173476117,25.758920783955375,3445180.856444376,2387.9710170612852,17058.504343078814,290.31245485778936,52.04320573859566,0.14856899664122256
43.41897623568929,27.202018974094162,4049851.73359018,3142.3008532476556,14469.114704359221,289.89103002200346,52.04108685664033,0.16032939609818425
34.579686395315804,35.229746361255636,4442118.197527102,2635.489908090176,14204.588732729357,292.3503594135358,51.995190904042545,0.36774516609737645
40.74988669047748,28.569819986122813,3297818.167772932,3125.0591061853447,22712.884666726262,291.2016300704546,52.008546626392196,0.30247572677521545
35.45781007266494,28.524416975736163,3944300.6722575165,2413.4994096984415,16640.166284624094,288.1301451093213,51.968551291873005,0.4782397705425264
42.509106607823476,37.08427294390559,3401370.9525030516,2851.2317777495764,18751.03711560173,288.5886379482544,52.09112251720037,-0.059417323928567925
33.64232070894664,29.68500297415288,3830182.2068268596,2917.166902901951,16907.867953032088,291.01429077901764,52.0750696503275,8.577426536559175e-05
36.70324076663315,29.42856215887057,2991231.727040268,2917.088761996388,18329.15697522361,289.52649636689483,52.02420292933658,0.239108126162934
38.72835137347496,32.13044980491898,4304518.291908572,2819.0784223308224,19860.09773590832,290.0724358130243,52.02999236007173,0.21130957948190124
39.9780869975414,23.58312647130089,4150069.476781777,3127.1892278519404,18515.567180882495,290.5521196298523,52.05549150148613,0.09597433907970687
35.31130092584419,31.81296645938637,4530579.428476823,2681.2932368051643,17692.361522472944,290.8829257153457,51.99551996004819,0.36191101056795294
37.724123982310026,24.838492156604133,4643271.074688248,2930.6764337320637,18575.810950316732,288.53220514439016,52.02544462176433,0.24155064982291607
41.9185547153957,30.208140337767723,4174365.825442175,2384.531029072983,16640.618414692814,290.0724070028144,51.99884640316621,0.3535805741720286
42.862838439963255,31.68513526173821,3448845.769676347,3380.8543775960775,16548.253693895247,290.50494048855217,52.000538086702846,0.345747536900213
33.67451951676934,25.04787784450761,3860504.9927115142,2518.1385762372115,18384.58338363176,290.0993275944332,52.06226177400977,0.06385359363828412
40.62287325345589,22.865829874632787,4990999.871571065,3167.793931467525,16511.957261481897,290.103896199914,52.00387971028075,0.33039441945102044
42.88540258626315,30.748297827564812,3877897.052826573,2419.2186755247403,14722.153317343304,288.4846413822394,52.022933553754136,0.24993855508613033
38.73662246163759,32.9569497554896,2059087.1717985817,3335.7974462863203,20127.985717076983,290.53744775207406,52.01264180670242,0.2836725324971182
41.75451805005937,31.24024571252405,4297302.18522506,2270.3677055869425,18554.064486559255,289.50711936975,51.98406894459388,0.4028276293953939
43.44116874199823,33.80744310779533,4795491.8720214125,2910.0096924817585,18043.70669393058,287.7450370634333,52.03874453492045,0.16848574796020177
43.60350183064948,30.077324749209755,4679136.110803907,2907.414958509243,16618.05299950881,288.93198752304556,52.05566184468449,0.10480529741260092
37.008178765058055,30.110949356565563,4817772.343918524,2993.0031520165476,18673.176022445223,289.9124327293085,51.99823514445171,0.3525727270700556
39.341186820759326,35.57076533466961,3904852.251037694,3011.238189447216,14601.10531830855,289.2493756756414,52.025912906081984,0.218195819948738
39.18479611348094,30.23238461844401,3779225.7678579814,2487.117527987146,15557.762710217743,287.9984182494933,52.023904522055645,0.23925800697792995
35.92762633156309,37.829054683499095,4721589.300568673,3039.8731933919607,14265.241295096426,290.714314966348,52.03683534077214,0.18195644179156062
44.86656605692773,25.00897086484625,3227096.338311184,2744.1759737301873,17715.175146779427,290.4846761627605,52.01795176067574,0.2684628219274299
45.75160831934275,28.67149303924585,3557637.576054807,2627.239216861315,14971.702364580296,289.19136704628204,52.05610346742428,0.09503290393926656
40.333311907033355,32.275141128961764,3914339.349138169,3029.3591580939883,17309.16382749519,292.1371581758682,52.0266254420889,0.2271006729449618
34.86181655019578,29.124902010024925,3421948.699676174,2650.7018788022247,15454.504186167846,291.12436683443855,52.035992326554144,0.18517488550175787
44.22262668283682,31.57877127461706,4202524.184577613,3051.1284297421007,19043.855202333067,290.75366147677386,52.03313402423813,0.19503365826903551
33.82388535265457,29.28676114894745,5049131.748897192,2589.1781172732135,20029.167640139953,290.78695597943766,51.96998734266306,0.4738953884412738
40.81480696791851,28.040540971152705,4346649.9359196,3072.9810491161115,18161.053552877413,292.1467732312016,52.01086212736594,0.30114012838166737
35.73108090511037,32.28441088861974,3841378.380197522,2338.0798310668733,19042.015266684575,288.453724831163,52.00963699986824,0.29900612177737784
33.90674632761957,24.834502890503984,2651171.6178513467,2931.5481594205903,14743.961674231909,292.50681203142875,51.993342633123895,0.37169663277386134
40.486073565714335,28.415110112890204,4710726.227369422,2691.39179340304,15953.569919999523,291.6684249308647,52.02621285982624,0.22930180790250645
35.36503873106674,29.386960585850126,3417475.531030433,2939.366471927352,18171.914218937898,288.55557802885875,52.064148284776344,0.05863163400247627
33.98621928063259,36.071348649557265,4542751.386146215,2758.572851205704,16269.430227318457,288.02476507958613,52.060248479359636,0.07158359734880887
45.652501172577786,25.321998995967853,3941839.152010502,3072.3396295476473,18769.438810174022,291.22109692619847,52.05098296998894,0.11755758307354823
47.50549279870026,29.53057413108944,4138426.559773789,3031.9955714661587,18700.67698242737,288.9786282829742,52.01073765616137,0.29698675407045594
41.59305407098134,27.126470981544202,3816427.6234815633,2427.803490373037,16882.75040913323,291.13654599305954,52.049788517085425,0.11997978255997614
42.174676821381226,32.29728442809681,4088818.9961367496,2500.2326592683003,16800.112061952936,291.5062635347099,52.01789295240694,0.2628971533544982
38.53968239634929,36.727365962899725,3748026.589719941,3119.1839884167625,19002.971388914557,291.7705922873439,52.01475146900781,0.2772400360144059
39.02444760072164,28.812452290917026,1775646.9138780797,3016.8457357265806,17517.499311810723,290.5307992957286,52.0034067779846,0.3275235231945427
35.056247444389385,29.422177769583154,4097751.016089226,3364.0282798632065,15188.875769746615,292.8118026156443,52.01945786666059,0.25307451708102185
42.13543613942333,30.635179702387205,3084766.115445759,3239.9687915024683,17059.99036882722,291.56485589131717,52.05432221967382,0.09581431747115986
37.41627786935649,34.0186475391274,3516198.3999944073,3037.6104599628216,19599.60339062661,289.0223520929244,52.03644641927729,0.18355618248936054
40.161171371112914,32.5929142222025,3411624.146310065,2766.1675947943463,15155.552589369992,290.5657128733979,52.04762280451985,0.13751205655053508
41.82989624635319,31.24370950507508,4752710.370833719,2594.742678827581,14774.37839819696,290.07033780742216,51.9978105939992,0.35506512706337123
43.222665529382525,31.65339828255944,5201967.230252497,2604.8487145575173,15595.15932672405,287.0992598843648,51.995830528379656,0.3671659715728286
39.62166242747742,31.847614387505295,2947041.0046333047,2562.8191852824316,15951.609591343698,288.9174140595295,52.051721479875056,0.11487489913917068
35.665312887768394,26.003681124728256,2982684.435749448,2680.9903564188985,20370.17568338123,291.23568751415485,51.9869258149011,0.40504259997516645
42.19914944812403,29.448225734328638,3263255.413688774,2594.6459028467552,18654.085654062157,289.13500875152795,52.02228846227111,0.24298759806187578
38.39237852067318,22.624653788410967,4660069.324575092,3206.503370113234,16621.267925533808,288.061187173057,52.0031731619377,0.3261779341059918
37.657323411460595,29.098779993946756,3416118.760393862,2762.316899371738,20563.74588387928,292.59909997082315,52.0623761424416,0.05822501686226078
36.71521626313508,32.06649443320787,4347358.575356241,2736.328467530859,17662.984561909423,288.7910360763148,52.00196832134839,0.33292865418233786
40.82302399672382,34.220423015369136,4384620.657415297,3000.732203655158,18941.36024292108,290.18533612557,52.07273020714952,0.017127394428207637
39.7144655496354,29.13012826780699,4861013.423001995,2862.688119217344,15944.064780702149,293.6026960645857,52.04561819620257,0.14035102093482865
42.815066018270784,28.23290831231794,5484494.445605397,3136.4557154580184,14393.826988027637,291.36912034747286,52.01498099218029,0.2728305603002996
39.86479787594822,27.032895613251416,3348396.4124340666,2974.701527350351,14857.200209418415,290.22969238078326,52.03534648718497,0.17883068392384296
35.422572946504516,31.359760855574486,5778793.115591486,2542.063738421791,20922.735433149846,289.2827447035655,52.07980269603917,-0.0033509485278175382
43.930894068471844,33.988850110675195,3841457.170220701,2795.750294388466,18216.459634899686,286.52413564419544,52.03194128794451,0.2031345362307437
37.21993265778995,28.780395256499162,3179238.956182437,2788.925265620656,20209.702448968234,290.77092678794247,52.03211786364917,0.19516758182073582
35.73786385130659,28.533146017899686,4690838.1449994445,2707.064893873583,13979.0934060246,290.1421927371767,52.014397433319616,0.2762532122858348
44.12902580354661,30.71636985358215,4229380.853462742,2701.4121333946546,15889.233519086894,290.5540580910752,52.06856379868929,0.039751447490152816
47.62129497051252,32.312387372536826,3584020.1232674634,3124.417176483725,19317.314233542646,289.27516469199367,52.01265004433107,0.28764695782684885
40.79430005056299,35.372385781542896,4471955.45354378,3053.3840941307944,17922.060105248253,291.0537200706387,52.06030369108487,0.07761215323682646
35.62497464558093,25.39709020518869,4727606.022502388,2487.288885860882,17942.717110579157,289.26261342673683,52.03957843422026,0.1768850052211874
38.01072222925436,31.582272274604332,4880022.532229374,3037.4675178516386,17646.236123874947,291.2448248128443,51.98834533798503,0.3953288927846408
40.45136945891961,26.401511956956508,4382880.608755976,2726.361660155244,17695.145784577464,289.9435263553073,52.0260374976233,0.22638514070214333
43.41782962473711,27.028581500147652,3784090.6176360874,2598.8281474066707,16942.620432405285,289.17430355868606,52.04985976685022,0.12033416598422855
32.09131540258304,30.647644709966702,4485239.895472197,3237.7834605636995,17803.694684844773,291.7867583415495,52.005785132444345,0.30877816765514826
43.41255342641255,27.242695531704015,3490604.029108806,2988.4556197422835,17293.382104404005,289.2454627812007,52.022521591279805,0.24096797435699685
42.99455125283193,28.5521233952806,1512660.6004415601,2903.7824385187027,15958.630227307223,289.23318613832276,52.04027401703378,0.16512995017261325
39.51058733335325,25.203158551321042,2711183.8215040076,2779.492080231974,16889.62458261292,291.1714730060915,52.02647865479331,0.2206589502032842
44.050634377736685,27.825942099184292,3912468.2672682325,2397.0517168770766,14128.261100491443,290.8153941641759,51.997729668398044,0.35140498445038737
36.60658474884512,29.99385995370859,4271362.017445476,2621.9395718223304,18483.8566044698,289.96787767105076,52.03391319675905,0.19274683120213756
37.02645640117095,31.09799558038314,2252379.6285512303,2802.8204378613673,21172.383418300455,290.6948930135148,52.05052474116573,0.1171691544815739
37.90528265938135,30.18541553266517,5144604.216740963,3186.539380002488,14163.457002095594,291.0031626945379,52.05378641811371,0.1063415195410811
42.97252271659107,29.89151757440923,3920782.538618862,2986.4048798410618,18159.274634355468,290.36152198271014,52.0339068924012,0.19631967284875226
33.605221169509306,23.85717801246372,4570595.338978568,2924.5718592958915,17343.87703307246,291.3720282257349,51.98018025214457,0.4322640954557643
36.90811084441984,30.308413794496392,4769589.931078659,2592.612921728437,14604.559544756965,290.8020659290711,52.021800383248866,0.24532926638256078
33.956202115394845,24.027282633575098,2975711.9864220736,3325.0791761780474,15967.128400117614,289.9910476349165,52.03926778607684,0.17266216836428358
38.714000808372354,33.044154977606084,4034804.1820105454,2944.6887901435566,17937.42998974788,289.2382782516576,52.05307541818642,0.1072289771867303
38.88203637929285,26.369520458535746,4020780.1946188384,2295.385642837087,18018.740310084642,289.1810931730538,52.02225767238469,0.24690725766068755
35.69361228888058,24.397266971285223,4361464.729526329,3273.473773539883,15637.712853032977,291.05615811877493,52.02588128619889,0.22763682804219126
35.67270865244628,29.009963010799392,3375641.49960544,2447.160195693001,17387.408813779508,287.7747369429709,52.035511947608605,0.18915623131672726
41.63432428586723,27.445511524570616,3352530.468175464,2642.5333138650235,12569.100974725341,289.92297626264116,52.04975039386482,0.12919089782824383
31.000770230489543,31.728220879462587,3187162.9413325647,3035.555116073614,20704.370081762314,290.3250394861493,52.034653116645245,0.19055394643275617
40.68157618203072,31.79752043011554,3899810.0160028758,2747.044707085476,12287.733600022557,289.77272610500916,52.05978539378137,0.06897054287570917
34.55578755937744,29.653916658794657,4929255.543927726,2544.260196997079,15719.485457020512,290.69977510764414,52.03868071527621,0.1831433274779997
35.87803959750918,31.0637366371572,3974723.9260900794,3256.3873106863,17579.980407685103,291.3839054765309,52.03608940064858,0.18600011637765956
34.76099005508744,28.10967677643627,4210899.340094915,2365.543735237365,16552.190252772198,289.6452775738682,52.0426597451094,0.15963147418472776
37.815143368540234,35.09497268899433,3147920.853817266,2846.275564865583,14838.908675307719,288.9267841803066,52.04672707441855,0.1336092030567891
46.589982239941754,29.98543612076345,4036579.6940873247,2954.17522029491,17606.644944238724,290.1493823971597,52.012768823572536,0.2876713775782042
45.6966683162878,30.464589954020212,2448169.5755539206,2810.7032042499636,17209.40358442738,291.93673748044495,52.01624759580755,0.2703049709515234
42.312231706097634,29.52069552189552,2484190.0225966275,2618.886541048426,14393.063037884705,288.22259706444817,52.01971892351027,0.2507575306756914
30.41079257314017,34.77070954002464,4039857.2706684396,2239.0713326346827,18202.58259697518,291.5376470180371,52.05737381051523,0.08601137395340103
36.79253482843581,27.236281117669645,4421909.225416108,2345.9205177451267,14662.315021666305,289.01603394004513,52.03062450174907,0.20727156312177494
39.867712320280454,32.65666631034242,4018429.632226638,2984.087949351477,17595.62907866992,292.1653229678984,52.047652514238166,0.1358392408801965
35.83959047490093,27.115320194039256,5330250.3248245595,3077.799915320029,18269.04231063812,291.0824631235714,52.03429387345059,0.19671971047811812
37.741954342948375,33.331980296979,4996794.293449083,2415.600029517069,16586.65221977117,289.6806458841854,52.01024727889708,0.29478473790347587
33.358715518154426,30.286610363740042,3904418.4629993066,3448.282212735306,20133.35641494759,290.08789096987334,52.02284734674058,0.24286829336537744
44.82539493966541,36.3953106936551,4491295.038466505,2881.063252132885,17888.625541745667,290.1196749279141,52.0593635891053,0.07406037746874516
39.33881691571351,31.694883345025065,4372095.746423212,2571.7234909432977,21442.805952461647,290.9165467273952,52.065762567118675,0.04737309869548838
32.835100354854404,28.651427804112465,3985062.58323728,3036.557321646921,20655.065229801705,289.49333852995716,52.006043129670246,0.3110457941956557
37.25470978826126,34.59456403209328,3931770.2089883736,3363.7647220695185,18596.786993549744,287.9836170224422,52.072319654450084,0.0237755305021331
34.73223876980338,31.12045319669025,5274396.416640688,2615.8379854423833,17710.909304541252,291.02879959732815,52.0467352229694,0.1289226549794035
42.69237549650986,33.1449611450024,4307947.06388831,2596.777705647921,18130.773223304295,291.18974824308026,52.02010540797745,0.24435352358729634
41.70299717131633,30.46817282615268,4176848.8815671387,3016.36920945273,17116.735610836247,290.56955167773265,51.99483988043373,0.3612947437706181
37.965506852719926,32.407559371713944,5130878.411505966,2564.3141866698447,18339.666075529956,288.356203095727,52.000884023128684,0.3435570376873044
44.84931723417068,32.16143796888653,4064283.830990063,2783.1436921116815,19086.891266702834,291.8678129154777,52.012931135422484,0.28373183086069886
40.51978398107365,30.393991015963753,4847368.857729207,2724.89002399983,14837.757039789438,289.43284136609066,52.043677965553265,0.1425564930531937
45.652547819139194,21.092188721361648,5303756.323549628,3251.775534143113,16630.59228768204,290.2623099106496,52.058247029382464,0.08673048627676513
39.582425200271224,30.95052543846766,4831486.066455285,2685.4967928204105,20471.58562142388,288.93088171348217,52.04933449056333,0.11900488645389679
47.45606448438004,27.811879340493487,3041697.8458493347,2877.6960748122883,13926.458053080778,291.5662818739814,52.067179618134446,0.04270231594409168
46.70190932356662,28.983940150781425,4023813.175027592,2647.523300034807,17989.340616373916,287.80009499588203,52.049113934535434,0.1303502607518372
50.024483519536766,31.290346131437396,4423963.227889152,3201.4605730151657,14057.546183890745,288.54333943473057,52.01948572702394,0.2573666449318929
40.86484087586851,32.56557001802039,4028952.919041405,3042.7207527182018,17673.289710574867,289.59767213826797,52.02491713686402,0.23396241961704173
39.65904734512672,27.40160296155578,4816742.825937202,2731.0621741339564,16530.5777605109,290.75647824504784,52.02600266164466,0.2291086558678425
39.42035450245777,19.56930887715743,3376390.25443696,2443.4824024811955,15664.703076958029,289.35037242975625,52.05780626732166,0.08258487709379467
41.22802551150029,28.529745539490523,4724339.963909431,2658.2616763087426,18701.158128814695,289.03162584561295,52.04227185433057,0.1614354331943492
40.583807583415215,28.14599555392944,3348198.7648886982,2832.2386139227624,18193.864269156828,287.1441607422485,52.01427820038921,0.27939157161940953
36.027935914024575,32.19383218912859,3443571.5554337455,2426.712522565612,15993.903766038822,291.31869642614635,52.01429188651025,0.28285052334772326
40.47831614858764,40.31161606630256,3422899.9871903737,3049.617034210307,14679.806586859615,290.31942747141653,52.03704083272162,0.16737954798866447
45.925866924981705,31.36749728818529,4054008.205976902,3102.5794563778713,17562.270529939142,290.2845682619782,52.022625308467894,0.2428394578984562
39.052403603826164,35.616005766221,3758741.109042074,2849.3644074464814,17056.71225299046,288.82566926309937,51.999571384592656,0.33867599430171225
41.55393812453714,32.553258858490274,4170125.313219218,2671.8183727381743,18360.412306323433,292.2222130476912,52.066839481545244,0.04308518539070256
36.960492909271096,26.58929455784579,4612281.693433676,2825.3422972812464,15487.653281105533,289.38756919375754,52.089613973898174,-0.04710412505138422
43.1316897762223,31.75038674269546,4704520.782057847,3061.0699386344254,16562.119701799063,291.51379405502297,52.06310839605713,0.06470987625271747
36.61439638529106,32.935800121278454,5018972.812244019,2709.1725666058405,17727.908071088026,290.486156983097,51.987053554783245,0.40782151283735263
44.23292611229204,28.62467948589217,3567042.017545586,2702.4315598222097,13239.269961581414,290.3554374517598,52.081759005119814,-0.028776449805896328
39.16481768802727,24.890668021093198,3764125.5715217716,2524.186797715184,18505.283773374966,290.72390255221836,52.05308986817271,0.10676793841759806
38.16611372196753,32.77977709238695,4763641.205526812,2898.149813056728,14077.863114046528,288.4922891974478,52.01009018113612,0.2894705198148141
36.984648180694506,22.809381434476638,4241875.551865187,2528.126529725162,15930.383653915555,288.94952579773525,51.998522859580554,0.34474905106415094
47.26410214753285,28.267016869899876,5073416.237676683,2420.5723864019483,20360.933076023055,291.9697805060483,52.065821118862246,0.054236277793954665
41.80411765181505,25.33407196101746,3819741.159196435,3105.939551574643,15900.357994727252,288.6399612563041,52.077625811441735,-0.008990855940711346
38.56692924143756,28.57606999548777,3969329.8456685343,3095.4025537288026,18724.152234650206,291.7648510067925,52.06756982709259,0.047282194584823835
40.488000738193755,25.94780232795546,2684120.1983135366,3088.959260773114,16795.2953824356,290.79284751701937,52.020169875461015,0.2527449608088614
36.71815969901609,26.7516741849235,2569147.0737482253,3056.9601367513524,17064.107458298815,289.62965589767424,52.05197315924642,0.11445122352149968
34.806676787527934,27.64662825502918,3614767.985790313,3126.109020707075,18679.448044957742,289.86499473670864,52.04663529940203,0.12711856623608703
52.36522342539236,31.61391280691045,3757636.8003306175,3047.2709513440354,17236.199097385237,289.09404827530216,52.03815457130566,0.17294462380845976
43.21221601521864,34.15199614170637,3864463.2448780024,2858.7257959046083,16740.602542958295,290.6931269340246,52.08437278496316,-0.01913744530468611
40.04111175329048,19.612073543201195,2355412.861716499,3024.9030636287143,17853.095272981347,290.53678024578755,52.075501735270464,0.003160912842779622
45.1650115371234,27.62082775826801,3422805.0777545646,2841.9610589534855,12495.466018926054,289.73365923665955,52.07509798823433,0.00829270760361879
48.29228216148652,30.16901419500422,4102439.505949035,3121.1096164190844,15397.354596719324,291.34615626351024,52.05664025621253,0.09087248821013974
38.63531912670837,26.563644621634587,4445814.7056613825,2902.1912664811907,15794.608548024584,289.8901991423719,52.0048676642788,0.32508790479265415
38.15495895150168,30.761438287846403,2876941.8111604075,2882.4201975937717,19120.39037139968,290.1124116896437,52.02992818260304,0.21152656450148458
38.840096783620176,30.70441935305209,3933194.0669054817,2696.4442781137345,16851.10076057426,288.74123490107576,52.026323687719184,0.22872935588624832
44.70946244853771,28.115277756696017,5469720.8124903245,2827.1619537060274,12540.338377813985,288.106647077099,52.069128220878014,0.03469330598617206
35.82902818698293,29.54841223257818,4157099.330419914,3120.699430095309,17675.420398418115,289.31083603474826,52.06164299530366,0.06848296502363946
37.14378004030088,34.36525074636601,4076756.6001656535,3170.892268338175,14702.24331844592,290.08522613716195,52.07785805476838,-5.284405369491833e-05
40.50518810306785,27.678921719613893,4707501.319656304,2961.560503900429,16304.445689604738,289.07217737304217,52.017989120898946,0.26354019819574287
40.43704498851768,28.83809851188521,4240731.380885167,2701.486562460827,19474.101097907565,288.4222219367337,52.0356644206914,0.17890162229401807
45.57041712967206,32.576235142013985,3272215.519850596,3256.520832252404,17900.39988125942,291.0846682190799,52.01862629426097,0.2576594058361832
42.975730686673266,31.197276873395143,3910126.0678297295,3117.075147626828,14418.50199239012,290.03804814594304,52.02264707182374,0.24423406613939605
40.31193397010821,27.103315643884418,3061135.888446669,2862.35237955546,21730.908169896335,288.9503964415018,52.040514884843866,0.16267163835105602
41.00616537986885,29.70455171509032,3641209.8415094484,2571.700376574812,14652.945198016754,290.16603960133665,52.017205970683584,0.27150376799967996
44.89032409347589,33.710308764962086,3868814.280090465,2668.9485524763677,16700.86104412008,290.3060458773401,52.011616708684336,0.29128233916924967
38.44072758301353,28.410957449177367,4437682.95581076,2727.291538047989,20889.58319991598,290.4598118315243,52.02334877181875,0.24161471371725116
37.73503733178004,24.475202997126026,4703125.296820314,3242.9378565979464,14885.126587440473,290.2509495628678,52.02115164230593,0.23892080222745896
44.712422417454434,17.69541095949397,4041433.872075541,2457.6123686885826,14482.73705224896,289.8340503822486,51.967638989009025,0.482097284313901
42.95237358927042,28.606609578953673,5048517.608769182,2371.2322677551942,17931.206643253416,290.52773004397454,52.026457933360646,0.22346310534629057
45.91107323658138,31.724896401342253,3952353.9161766064,2284.8411953734426,19763.479694708207,289.76101403424593,52.05753908860039,0.09198240610016725
40.33934238445183,34.517002144386076,4491957.479107137,2776.647780282429,14537.248224991825,289.38124584370223,52.04756412229889,0.13779905715018867
41.49480969298908,30.538982978665892,4745408.602324438,2359.631294325762,14165.53601489441,291.61624584657454,52.031121453307556,0.20968142255863773
43.278771898231994,27.321384124838854,4584569.088572664,2762.1311545124827,14625.882452416468,290.3460981576391,52.01013582537409,0.2899050287413177
38.49864147829261,33.74035023019433,3392652.1098187407,2185.086554280619,14750.13509332382,291.61819872410797,52.02921161179246,0.21468305931647083
41.996257286654924,34.856717528131334,4592351.809070137,2704.687066408186,15209.737700097816,290.93999397917975,52.050145091796,0.110439223343994
43.40426187588065,33.12564267422586,4527049.43394635,2632.698816782689,16158.413534636711,289.0826059632275,51.99417542214227,0.3770012755815691
36.53318664679037,30.680174716365656,4517203.816421191,2945.634311146179,16304.093339812933,288.04079320256585,52.01897007757732,0.257024449131288
43.66574014703092,26.51310761279123,3566951.066613581,2971.2445408222284,13846.127443340441,288.6926678044045,52.03497569978387,0.1909769107782805
40.49277834934072,28.062505549680598,4271992.61287769,2812.4835676083926,17529.77106379672,289.7994713650596,52.02123120790718,0.2460366092275943
37.811918326732375,30.33908912700986,3775369.4543946474,2808.9971619386374,13654.496508712169,288.8635375773497,51.998903852939016,0.34750408258048154
42.55495384346184,24.463705607065958,3362720.865835951,3069.844128717869,14835.545997191182,290.9952219539658,52.07909915697571,-0.004380323643399305
40.37212833630855,33.444832163926115,4165481.409493256,3347.2259046616355,18169.16250070918,289.150158564434,52.02562790147781,0.2308137003226046
45.709723883473714,25.468702579920325,5411480.726738868,2899.4140828469485,17379.21835792118,291.43472012129695,52.00471743537667,0.3115344599486847
47.4477657688096,32.3104793990346,4642152.01081705,3173.3898987178486,18352.427044090025,290.89057395391444,52.0518869230744,0.11577948194800965
36.03742405797338,29.082773104408503,4651543.799356647,3167.1073588137383,17687.549825086826,291.5544237270305,52.01365184312298,0.2806779443038172
39.953070043403805,35.82155180307081,2719660.2015417526,2698.8382690732597,18544.00995456356,289.48011607692723,52.06134883957016,0.06641504841067825
38.917950330465736,33.377666397437984,4646294.375961006,3305.670679224234,15656.552179822345,289.60150856263266,51.98987660508889,0.38576195958783177
39.93239909816429,27.67437058192636,2749232.1119500212,2702.060634011288,15690.449327952889,289.4487373560108,51.98995475817405,0.3875807825907255
46.35531550491441,26.903823354634923,3614491.452396629,2774.215540786901,19535.062214302216,291.184604172984,52.034351252209,0.1875917338507693
44.68286382986072,30.260823384057673,3655603.9836167744,2869.093152442832,16830.589164601228,289.4024378117378,52.021624643056676,0.24735131066845625
40.50114136171897,32.54489654891309,2762525.691694601,3276.389278262012,14195.29026928705,290.9784450695702,52.11622630709384,-0.17682840820325077
49.22499383387297,38.306759795421684,4599082.769120222,3244.7358923830634,19758.241418890037,291.6285260752846,52.034973086163845,0.19614230605468919
41.88834427787079,26.77882070739634,1975770.680084494,2709.605921576933,12347.248139755704,289.87003993775653,52.049148062018716,0.12576584966446394
40.397522592011974,32.670920384210355,3803816.8318021577,2570.0158080134825,14315.576321963224,287.5592780965794,52.04760883025473,0.12916202269232097
41.39057623680083,32.56436008362179,3617511.390728253,3101.846968131453,15968.713971861975,288.39556776672885,52.02959126931963,0.22254375248482908
42.58352765005283,32.20045968033743,5014778.1155709205,2480.368049917734,17362.538822824627,290.83873082149614,52.03032955505517,0.21191200729517798
38.014599157863806,25.616589098898547,3606359.010033433,3265.8851551032035,18691.106453354238,291.02772436058564,52.08454262090163,-0.038956914137338185
45.32141181514805,24.703276505260675,5018818.901287896,3024.8189363002803,16225.65820069489,290.15109405223205,52.031088268508775,0.2002714588442698
39.14701300599929,31.22450544581475,4180418.5192595758,2993.96206677862,16941.2633289089,290.2800439828822,52.0534139320451,0.10457778739885412
36.16217495506125,31.338562912058293,4215870.000476931,2482.2437431820013,14978.667206295342,287.5152556151927,51.99894739180064,0.3530390652556643
39.585828656693145,32.9336818329038,2438895.0021006586,2254.8968828498637,17232.468521713254,289.5361297362265,52.055421233588625,0.100680949350946
39.685855679602405,25.486908796432623,4311090.352514218,2781.079682462254,21181.559837292334,290.0816533219661,52.038343464846506,0.16951349591231246
31.708540017063964,31.714321867822235,3130440.9921852485,2950.5121674479897,18388.15280388016,289.7506272109842,51.990061035622546,0.38224478251717176
46.4705082425533,29.825947499931463,4285848.721643554,2938.1313313158867,15636.532423995148,288.6380444934889,52.00542928122144,0.3163748676525372
38.795312377190626,27.905486628494135,5025007.228774906,3027.0574229804492,16693.30709808125,290.9896814084015,52.04434811994715,0.14407541302667262
38.445940281567616,31.18335060305426,3755014.8488588445,2753.6331263187494,17158.903123294655,290.2683981638922,52.05947172980216,0.08721071972569973
44.171343871254734,29.485519763037146,4567898.281616515,2672.016835750928,15829.286899495499,289.64648054944405,52.038229939115354,0.16738794883937777
36.06498730041091,24.329073200230813,3307309.5110936663,3023.4765731217426,13746.685610180311,290.2537020379322,52.02594425668008,0.228909946300014
34.73432750784867,33.4417649982914,3550587.6677821786,2853.510314649143,15609.318672649038,289.4544060530688,52.0140966130484,0.28429080849957045
40.64643443526271,31.757450193754593,2359722.289047552,3058.1953318267338,19913.298697157286,289.12890600846305,52.04967241478539,0.12478569101496687
39.97649922754295,32.82392195614906,3404625.1924872478,2569.209363384005,15913.719427645212,291.05651774578706,52.05110819044774,0.12189051225136302
34.37836189737095,36.1528384968305,4460261.668314684,2706.2554408582578,20502.75462104608,289.9395552253635,51.998956490596676,0.34864591680700435
37.406306106760844,30.99860074830968,3939250.511642316,3544.9153099759187,16480.988347891995,290.03487747696346,52.08014989374882,-0.025939403279958445
38.159455180826654,32.364922201555146,4175729.2937806034,3116.478219484128,18283.125330893727,289.34384394060004,52.016386443277085,0.2749039305092324
37.648813263576535,27.277070162007327,3186149.952354131,2955.3744361803547,18600.77303995482,291.3404934946669,52.01089617684963,0.29150523627798103
36.842448836299994,31.177500358293504,4089602.5251929825,3495.6792133022805,17074.124932414026,289.94899715773346,52.047592237489404,0.1244498947651789
41.26916015182338,30.869735565456143,4760358.122257736,2819.684666590481,16521.880268244073,290.78288147573926,52.02998752776507,0.21108864776160516
43.30985956133422,32.667356812602726,4271665.982083959,2858.4467880403777,15928.568180812403,291.52769748260886,52.05344220775114,0.10343378435859674
38.27636131070067,29.737140056199642,3460579.7235680027,2709.7989150290878,17294.048170937385,293.5645857500202,52.03762470453716,0.1786484514210387
46.69573910317697,29.54735608287436,4096059.2205162505,2747.516936950226,15536.151791861505,292.2040852861345,52.00490869370964,0.32039699577667297
41.50587409240826,29.549427592342603,4629280.70974249,2684.898414034383,14472.136384030799,290.1297555534991,52.06647437549592,0.04703396266461181
38.28383941745868,28.90442136583871,3614283.3284952035,3021.0164984309463,17977.33883301751,288.72645609853595,52.05114463165857,0.11725840749792066
42.37003276570717,24.89974754449681,2765963.296995972,2738.1885425718583,16795.568882188538,288.97837471070847,52.03507942284749,0.1857196068856813
36.752648473979825,33.97435291280502,3646661.552079262,2911.2213966189147,20126.76806023871,291.2822672920542,52.05320859073075,0.10664211731415339
38.97831458611185,23.831381350959095,3207110.7099950933,2812.705335635547,19327.05535135508,290.6010213738961,52.04982997492572,0.11894322569627304
43.33870487073568,31.729027652373247,3005382.828789469,3031.6409612619696,14692.330362987428,289.76019964189754,52.06428809022428,0.049924056023967316
46.53159795523332,37.20230925308527,3567976.208282593,2463.9587739462568,18245.363266013646,290.64937270508926,52.023744580585095,0.24343561276902057
39.89885803512863,27.05657926920701,4726409.56554359,2516.955450515872,14441.053898930912,288.97001828410674,52.04679110021675,0.1372087533732573
40.311217685149956,28.05170279435061,2630604.998609114,2998.2464695967506,13513.810327704703,290.2732686424256,52.015378514071244,0.2675298461019592
41.29870383887947,30.570724045051605,4227149.639087048,2893.810469126722,13699.746984066554,291.208145064938,52.03584368050838,0.18487770926952282
41.31225291320484,29.169236710082227,4248973.7783728605,2468.5619541289702,13454.882044591524,289.6455536051342,51.98361304662405,0.4118180374746055
35.03664039026998,28.947009613117356,4330217.765569282,2711.5653369635447,19342.349257095804,289.70328639375674,52.02783150679497,0.22651916674707415
43.64056407020338,31.678887552415656,4295445.631149183,3153.031414913086,17686.042681520375,291.26055543539763,51.96187770676329,0.5142577668369697
40.694789023606255,27.21766759070224,3701531.602733071,2703.2276753307924,17382.782929612422,290.35014094587393,51.98068653418798,0.43072273079365936
47.900546406636565,35.673649027143874,4373919.372679878,3260.603156002307,15209.146481917815,290.0474493957575,52.05361831229773,0.10445308847457112
35.48191571979813,31.49119196598964,4692356.06891952,2539.6258802898415,16302.54491432749,290.59803119039856,52.06597290144504,0.04624759890165096
34.32935199777612,27.173598792378858,3824511.3947419776,2975.011635938117,17862.48406267999,289.388090683694,52.02427020239048,0.23913370509750723
34.25276358347769,35.91011688938285,1882024.7709481423,2625.9443221975957,16534.907713743913,290.67304448001687,52.07659264466748,0.00017929988959245976
46.323485164254265,27.889667240269056,4076875.42798901,2360.3612521626787,19546.454586483622,290.4392655106049,52.05430102204655,0.09595415579946592
41.74935383223271,35.094560463557585,4680694.1393537605,2832.481071356907,18656.559240763214,291.5656071100405,52.04733140872198,0.13302036466616587
37.56800325816281,26.570808906721314,3964108.343004511,2538.636557858633,13988.608369781276,289.49935334210204,52.03221335402177,0.19128148927242722
45.153210383862685,26.23236485489155,4675123.980027877,2838.490510755381,14380.25669815959,289.031417915787,52.0267350597352,0.21929512696054995
36.8800948891995,27.812890044998227,3413044.854972458,3047.3307217610472,14595.375132180383,291.29717519286487,52.003475505918566,0.3283809025924033
46.865877082592284,28.7480266848957,4284664.9770511445,2805.2414242917457,13201.464726210479,290.2748163427329,52.01089435114638,0.2982099509188446
45.66324850749375,33.299425560873836,4471845.579824703,2973.4883778902254,14034.548383764077,289.5905159478521,52.01103131975989,0.295953966638453
31.983089594430496,29.973226763923737,3589081.2417765893,2808.5099335684126,18735.098372686574,289.5511214630577,52.09708215905964,-0.08668365147313688
34.61144850439361,28.308450784724894,3985119.4671369316,3405.0144824993104,13109.779790833469,289.502862249495,51.978389683170015,0.4378316468380818
38.121393256585485,32.72532278881622,3170174.0607474945,2387.255083353064,17206.254875592294,289.988485274797,52.02551125526027,0.22457151381985657
32.47939494594471,24.91676785822833,3999663.303617695,2569.4482949704375,15524.29360306336,290.93934271746633,51.95367220187834,0.5492383793167123
39.5647998085845,26.017343881416092,3450259.322159903,2878.340850233646,14727.304977695754,289.2057709109819,52.02518726871749,0.2268060976242444
37.573545689860865,29.397007820926454,5386504.475719808,2204.941507723737,21312.42463149098,290.3518418738702,52.00371079753126,0.327556128046253
40.96095400692546,28.181983074844123,3744719.494013857,3339.1896664722913,21137.10357119099,289.94128156692227,52.04788786338258,0.13666793742630648
44.09495495819229,28.63737250297108,3141987.694267821,3370.1227364302495,19024.476274537283,289.8661667127233,52.02196975073252,0.23863648474699092
44.75512306365927,32.058487330806635,3937130.2485505417,2989.9065384328155,15831.636455873971,290.8863216248815,52.032405083735306,0.20381412020273754
